SKU,Product_Name,Category,Subcategory,Brand,Color,Size,Material,Features,Season,Price
SKU1000000,Nordic Jacket,Outerwear,Jacket,Nordic,Brown,XL,Polyester,Stretch|Breathable,Fall 2025,242.05
SKU1000001,Elite Coat,Outerwear,Coat,Elite,Tan,M,Linen,Moisture-wicking,Winter 2024,247.58
SKU1000002,Premium Cardigan,Outerwear,Cardigan,Premium,Black,M,Fleece,Quick-dry,Spring 2025,99.55
SKU1000003,Alpine Blazer,Outerwear,Blazer,Alpine,Olive,M,Nylon,UV-protection|Waterproof|Quick-dry,Winter 2025,177.36
SKU1000004,Alpine Parka,Outerwear,Parka,Alpine,Charcoal,XL,Wool,Windproof|Moisture-wicking|Quick-dry,Summer 2024,215.47
SKU1000005,Urban Vest,Outerwear,Vest,Urban,Brown,M,Polyester,Quick-dry,Spring 2024,204.43
SKU1000006,Urban Jacket,Outerwear,Jacket,Urban,Gray,L,Wool,Stretch|Waterproof|Windproof,Fall 2025,179.31
SKU1000007,Essential Coat,Outerwear,Coat,Essential,Gray,XXL,Fleece,,Spring 2024,153.19
SKU1000008,Elite Cardigan,Outerwear,Cardigan,Elite,Cream,XS,Cotton,Quick-dry,Summer 2024,192.11
SKU1000009,Elite Blazer,Outerwear,Blazer,Elite,Blue,XL,Nylon,UV-protection,Summer 2024,174.4
SKU1000010,Style Parka,Outerwear,Parka,Style,Gray,S,Fleece,,Summer 2025,242.22
SKU1000011,Nordic Vest,Outerwear,Vest,Nordic,Burgundy,XS,Denim,Windproof|Waterproof,Fall 2025,176.52
SKU1000012,Nordic Jacket,Outerwear,Jacket,Nordic,Beige,XL,Nylon,Quick-dry|Waterproof|UV-protection,Fall 2025,239.27
SKU1000013,Urban Coat,Outerwear,Coat,Urban,Black,XXL,Linen,Quick-dry,Fall 2025,231.02
SKU1000014,Essential Cardigan,Outerwear,Cardigan,Essential,Black,XL,Leather,Windproof,Summer 2025,224.9
SKU1000015,Modern Blazer,Outerwear,Blazer,Modern,Gray,L,Leather,,Fall 2025,187.84
SKU1000016,Classic Parka,Outerwear,Parka,Classic,Burgundy,M,Polyester,Windproof|Moisture-wicking|Breathable,Summer 2024,231.42
SKU1000017,Nordic Vest,Outerwear,Vest,Nordic,Charcoal,XXL,Nylon,,Spring 2024,150.05
SKU1000018,Style Jacket,Outerwear,Jacket,Style,Tan,XXL,Nylon,Quick-dry|Waterproof,Summer 2024,160.4
SKU1000019,Modern Coat,Outerwear,Coat,Modern,Blue,XL,Fleece,Breathable|Windproof,Fall 2025,196.51
SKU1000020,Classic Cardigan,Outerwear,Cardigan,Classic,Navy,M,Fleece,Quick-dry,Spring 2025,235.18
SKU1000021,Elite Blazer,Outerwear,Blazer,Elite,Black,S,Polyester,Insulated,Summer 2025,184.54
SKU1000022,Style Parka,Outerwear,Parka,Style,Tan,XL,Leather,Windproof|Waterproof,Fall 2024,189.19
SKU1000023,Nordic Vest,Outerwear,Vest,Nordic,Green,M,Linen,Stretch,Winter 2024,125.93
SKU1000024,Modern Jacket,Outerwear,Jacket,Modern,Tan,S,Cashmere,Windproof,Winter 2025,158.38
SKU1000025,Elite Coat,Outerwear,Coat,Elite,Blue,S,Polyester,,Spring 2025,190.84
SKU1000026,Nordic Cardigan,Outerwear,Cardigan,Nordic,Burgundy,L,Linen,,Fall 2025,153.19
SKU1000027,Modern Blazer,Outerwear,Blazer,Modern,Brown,XL,Blend,,Winter 2024,230.48
SKU1000028,Style Parka,Outerwear,Parka,Style,Blue,XXL,Leather,Windproof|Waterproof|Insulated,Summer 2025,120.62
SKU1000029,Premium Vest,Outerwear,Vest,Premium,White,XS,Silk,,Summer 2024,155.27
SKU1000030,Classic Jacket,Outerwear,Jacket,Classic,Burgundy,L,Leather,Waterproof,Spring 2024,207.47
SKU1000031,Urban Coat,Outerwear,Coat,Urban,White,M,Denim,UV-protection,Winter 2025,233.08
SKU1000032,Urban Cardigan,Outerwear,Cardigan,Urban,Navy,L,Fleece,Breathable|Quick-dry|UV-protection,Summer 2024,132.86
SKU1000033,Alpine Blazer,Outerwear,Blazer,Alpine,Green,L,Wool,UV-protection|Waterproof|Stretch,Winter 2025,194.08
SKU1000034,Premium Parka,Outerwear,Parka,Premium,Green,S,Cotton,Quick-dry|Waterproof|Insulated,Fall 2024,161.22
SKU1000035,Elite Vest,Outerwear,Vest,Elite,Beige,XXL,Fleece,Windproof,Summer 2024,115.73
SKU1000036,Modern Jacket,Outerwear,Jacket,Modern,White,XS,Silk,,Summer 2025,80.69
SKU1000037,Essential Coat,Outerwear,Coat,Essential,Beige,XL,Denim,Breathable|Insulated,Spring 2024,157.53
SKU1000038,Premium Cardigan,Outerwear,Cardigan,Premium,Tan,L,Wool,Waterproof|Breathable,Winter 2025,167.21
SKU1000039,Modern Blazer,Outerwear,Blazer,Modern,Charcoal,M,Silk,Windproof,Fall 2024,155.94
SKU1000040,Elite Parka,Outerwear,Parka,Elite,Beige,S,Denim,Stretch|Windproof,Winter 2025,236.19
SKU1000041,Classic Vest,Outerwear,Vest,Classic,Tan,L,Blend,Moisture-wicking,Winter 2024,159.29
SKU1000042,Elite Jacket,Outerwear,Jacket,Elite,Charcoal,XXL,Denim,,Summer 2024,102.33
SKU1000043,Modern Coat,Outerwear,Coat,Modern,Olive,XL,Wool,Quick-dry|UV-protection|Waterproof,Fall 2024,98.22
SKU1000044,Nordic Cardigan,Outerwear,Cardigan,Nordic,Gray,S,Nylon,,Winter 2024,220.36
SKU1000045,Premium Blazer,Outerwear,Blazer,Premium,White,L,Leather,Moisture-wicking|Insulated,Fall 2025,222.12
SKU1000046,Alpine Parka,Outerwear,Parka,Alpine,Gray,L,Denim,UV-protection,Summer 2024,243.88
SKU1000047,Comfort Vest,Outerwear,Vest,Comfort,Cream,XXL,Wool,Quick-dry,Winter 2025,91
SKU1000048,Modern Jacket,Outerwear,Jacket,Modern,Beige,XXL,Polyester,Quick-dry,Summer 2025,191.51
SKU1000049,Urban Coat,Outerwear,Coat,Urban,Burgundy,L,Blend,Stretch|Waterproof|Windproof,Summer 2024,167.74
SKU1000050,Modern Cardigan,Outerwear,Cardigan,Modern,Olive,L,Blend,Moisture-wicking,Spring 2025,83.83
SKU1000051,Modern Blazer,Outerwear,Blazer,Modern,Green,M,Wool,,Spring 2024,191.27
SKU1000052,Elite Parka,Outerwear,Parka,Elite,Red,S,Fleece,UV-protection,Fall 2024,111.89
SKU1000053,Modern Vest,Outerwear,Vest,Modern,Navy,XL,Silk,Breathable,Spring 2024,249.48
SKU1000054,Urban Jacket,Outerwear,Jacket,Urban,Red,XXL,Leather,Moisture-wicking|UV-protection,Fall 2024,205.87
SKU1000055,Elite Coat,Outerwear,Coat,Elite,Brown,XL,Cotton,Quick-dry|UV-protection,Summer 2024,229.64
SKU1000056,Alpine Cardigan,Outerwear,Cardigan,Alpine,Green,XL,Denim,Quick-dry,Fall 2024,188.45
SKU1000057,Premium Blazer,Outerwear,Blazer,Premium,Black,M,Denim,Insulated,Spring 2025,177.39
SKU1000058,Essential Parka,Outerwear,Parka,Essential,Charcoal,L,Fleece,,Summer 2024,173.07
SKU1000059,Comfort Vest,Outerwear,Vest,Comfort,Cream,XL,Cotton,Breathable|UV-protection,Summer 2025,171.8
SKU1000060,Style Jacket,Outerwear,Jacket,Style,Tan,S,Cotton,Waterproof|Stretch,Fall 2024,156.63
SKU1000061,Elite Coat,Outerwear,Coat,Elite,Tan,XL,Cotton,,Winter 2025,181.15
SKU1000062,Alpine Cardigan,Outerwear,Cardigan,Alpine,Blue,XS,Polyester,Quick-dry|Moisture-wicking,Winter 2024,163.97
SKU1000063,Classic Blazer,Outerwear,Blazer,Classic,Beige,XL,Denim,,Winter 2024,222.87
SKU1000064,Essential Parka,Outerwear,Parka,Essential,Red,XXL,Denim,Windproof|Waterproof|Stretch,Winter 2025,235.52
SKU1000065,Premium Vest,Outerwear,Vest,Premium,Gray,L,Blend,Breathable|Insulated|Moisture-wicking,Winter 2024,238.83
SKU1000066,Urban Jacket,Outerwear,Jacket,Urban,Olive,M,Nylon,Moisture-wicking|UV-protection|Quick-dry,Fall 2024,221.32
SKU1000067,Style Coat,Outerwear,Coat,Style,Gray,XS,Polyester,Waterproof,Spring 2024,108.16
SKU1000068,Premium Cardigan,Outerwear,Cardigan,Premium,Beige,S,Blend,,Winter 2025,104.89
SKU1000069,Elite Blazer,Outerwear,Blazer,Elite,Red,M,Linen,,Summer 2025,203.51
SKU1000070,Premium Parka,Outerwear,Parka,Premium,Burgundy,M,Denim,UV-protection,Fall 2024,211.89
SKU1000071,Nordic Vest,Outerwear,Vest,Nordic,Olive,M,Fleece,Waterproof,Winter 2025,243.17
SKU1000072,Urban Jacket,Outerwear,Jacket,Urban,Black,XXL,Nylon,Waterproof|Quick-dry,Winter 2024,244.37
SKU1000073,Premium Coat,Outerwear,Coat,Premium,Black,XXL,Silk,Windproof|Waterproof,Fall 2024,109.24
SKU1000074,Classic Cardigan,Outerwear,Cardigan,Classic,Green,S,Wool,Moisture-wicking|Waterproof|Breathable,Winter 2025,107.51
SKU1000075,Style Blazer,Outerwear,Blazer,Style,Beige,M,Wool,UV-protection|Insulated,Winter 2024,128.46
SKU1000076,Comfort Parka,Outerwear,Parka,Comfort,Charcoal,XS,Fleece,Stretch|Quick-dry|Moisture-wicking,Fall 2024,209.1
SKU1000077,Comfort Vest,Outerwear,Vest,Comfort,Gray,XL,Polyester,Windproof|Moisture-wicking,Spring 2025,95.26
SKU1000078,Essential Jacket,Outerwear,Jacket,Essential,Brown,L,Blend,,Fall 2025,101.19
SKU1000079,Classic Coat,Outerwear,Coat,Classic,Green,M,Linen,Insulated,Fall 2024,226.09
SKU1000080,Alpine Cardigan,Outerwear,Cardigan,Alpine,Brown,M,Cashmere,Windproof,Winter 2025,140.72
SKU1000081,Modern Blazer,Outerwear,Blazer,Modern,Cream,XXL,Leather,Windproof|Waterproof,Winter 2025,237.42
SKU1000082,Nordic Parka,Outerwear,Parka,Nordic,Navy,S,Cotton,Waterproof|Insulated|Windproof,Fall 2024,150.14
SKU1000083,Nordic Vest,Outerwear,Vest,Nordic,Beige,XXL,Denim,Waterproof|Moisture-wicking,Summer 2025,143.14
SKU1000084,Essential Jacket,Outerwear,Jacket,Essential,Olive,XS,Linen,UV-protection,Spring 2024,82.13
SKU1000085,Alpine Coat,Outerwear,Coat,Alpine,Black,XXL,Denim,Waterproof,Fall 2024,169.57
SKU1000086,Alpine Cardigan,Outerwear,Cardigan,Alpine,Gray,XS,Fleece,Quick-dry|Insulated|Breathable,Fall 2025,146.12
SKU1000087,Alpine Blazer,Outerwear,Blazer,Alpine,Brown,XL,Polyester,Insulated|Stretch|Quick-dry,Summer 2024,145.66
SKU1000088,Urban Parka,Outerwear,Parka,Urban,Burgundy,M,Silk,UV-protection|Quick-dry,Spring 2025,105.22
SKU1000089,Essential Vest,Outerwear,Vest,Essential,Cream,XL,Cashmere,,Spring 2024,247.72
SKU1000090,Essential Jacket,Outerwear,Jacket,Essential,Black,M,Linen,Windproof|Breathable|Moisture-wicking,Summer 2024,116.96
SKU1000091,Comfort Coat,Outerwear,Coat,Comfort,Black,XS,Wool,Stretch|Insulated|Quick-dry,Spring 2025,190.38
SKU1000092,Elite Cardigan,Outerwear,Cardigan,Elite,Red,XL,Linen,Waterproof|Insulated|Quick-dry,Fall 2024,88.81
SKU1000093,Modern Blazer,Outerwear,Blazer,Modern,Charcoal,XXL,Cashmere,Quick-dry|Moisture-wicking|Insulated,Winter 2024,247.97
SKU1000094,Alpine Parka,Outerwear,Parka,Alpine,Beige,L,Cotton,,Spring 2025,151.14
SKU1000095,Premium Vest,Outerwear,Vest,Premium,Cream,XS,Linen,Windproof,Winter 2025,136.12
SKU1000096,Modern Jacket,Outerwear,Jacket,Modern,Charcoal,XS,Linen,Windproof|UV-protection,Spring 2025,122.61
SKU1000097,Classic Coat,Outerwear,Coat,Classic,Tan,S,Blend,Moisture-wicking,Summer 2025,157.72
SKU1000098,Modern Cardigan,Outerwear,Cardigan,Modern,Olive,XS,Polyester,Insulated|Stretch|UV-protection,Spring 2025,249.94
SKU1000099,Urban Blazer,Outerwear,Blazer,Urban,Tan,S,Silk,Moisture-wicking|Insulated|Stretch,Winter 2025,216.59
SKU1000100,Classic Parka,Outerwear,Parka,Classic,Red,XS,Cotton,Moisture-wicking|Breathable,Fall 2024,105.45
SKU1000101,Modern Vest,Outerwear,Vest,Modern,Cream,XL,Cashmere,Moisture-wicking|UV-protection,Summer 2025,193.37
SKU1000102,Elite Jacket,Outerwear,Jacket,Elite,Red,XL,Silk,Insulated|Waterproof|Breathable,Spring 2025,206.83
SKU1000103,Modern Coat,Outerwear,Coat,Modern,Burgundy,M,Linen,Insulated|Moisture-wicking|Breathable,Winter 2024,120.32
SKU1000104,Essential Cardigan,Outerwear,Cardigan,Essential,Charcoal,XL,Linen,Insulated,Fall 2024,158.46
SKU1000105,Elite Blazer,Outerwear,Blazer,Elite,Navy,XL,Fleece,Insulated|UV-protection,Spring 2024,148.29
SKU1000106,Alpine Parka,Outerwear,Parka,Alpine,Blue,L,Wool,Moisture-wicking,Fall 2024,160.63
SKU1000107,Classic Vest,Outerwear,Vest,Classic,Olive,XL,Silk,Moisture-wicking,Summer 2025,169.31
SKU1000108,Elite Jacket,Outerwear,Jacket,Elite,Olive,XXL,Nylon,,Winter 2024,157.59
SKU1000109,Comfort Coat,Outerwear,Coat,Comfort,Beige,XXL,Leather,Insulated,Winter 2024,224.46
SKU1000110,Modern Cardigan,Outerwear,Cardigan,Modern,White,XXL,Wool,,Winter 2024,160.25
SKU1000111,Classic Blazer,Outerwear,Blazer,Classic,Gray,XXL,Cotton,Quick-dry,Winter 2024,140.04
SKU1000112,Elite Parka,Outerwear,Parka,Elite,Charcoal,XXL,Silk,Insulated,Fall 2024,151.43
SKU1000113,Elite Vest,Outerwear,Vest,Elite,Cream,M,Silk,Moisture-wicking,Fall 2025,96.74
SKU1000114,Nordic Jacket,Outerwear,Jacket,Nordic,Blue,M,Wool,Windproof|Quick-dry|Waterproof,Winter 2025,209.6
SKU1000115,Modern Coat,Outerwear,Coat,Modern,Blue,S,Cotton,UV-protection|Stretch|Breathable,Summer 2024,224.19
SKU1000116,Style Cardigan,Outerwear,Cardigan,Style,Green,M,Linen,Moisture-wicking|UV-protection,Fall 2024,128.54
SKU1000117,Essential Blazer,Outerwear,Blazer,Essential,White,XXL,Linen,UV-protection|Stretch,Summer 2025,139.6
SKU1000118,Essential Parka,Outerwear,Parka,Essential,Cream,XS,Fleece,Moisture-wicking|Insulated|Waterproof,Winter 2024,137.51
SKU1000119,Elite Vest,Outerwear,Vest,Elite,Blue,XL,Polyester,Moisture-wicking,Winter 2024,216.23
SKU1000120,Premium Jacket,Outerwear,Jacket,Premium,Olive,L,Blend,Moisture-wicking,Winter 2025,195.64
SKU1000121,Comfort Coat,Outerwear,Coat,Comfort,White,S,Fleece,,Spring 2024,146.68
SKU1000122,Nordic Cardigan,Outerwear,Cardigan,Nordic,Burgundy,XL,Cotton,Insulated|Stretch|Moisture-wicking,Fall 2024,114.14
SKU1000123,Classic Blazer,Outerwear,Blazer,Classic,Olive,M,Cotton,,Spring 2025,248.51
SKU1000124,Urban Parka,Outerwear,Parka,Urban,Burgundy,XL,Linen,,Winter 2024,221.4
SKU1000125,Classic Vest,Outerwear,Vest,Classic,Cream,S,Cashmere,Windproof|Stretch|Waterproof,Summer 2024,114.6
SKU1000126,Comfort Jacket,Outerwear,Jacket,Comfort,Gray,M,Fleece,Breathable|UV-protection,Spring 2024,194.05
SKU1000127,Classic Coat,Outerwear,Coat,Classic,Cream,XS,Cashmere,Insulated|UV-protection,Spring 2024,241.89
SKU1000128,Urban Cardigan,Outerwear,Cardigan,Urban,Olive,S,Polyester,,Winter 2025,219.57
SKU1000129,Premium Blazer,Outerwear,Blazer,Premium,Beige,XS,Cashmere,Stretch|UV-protection|Quick-dry,Summer 2025,128.56
SKU1000130,Urban Parka,Outerwear,Parka,Urban,Black,L,Leather,UV-protection|Moisture-wicking,Fall 2025,185.51
SKU1000131,Urban Vest,Outerwear,Vest,Urban,Navy,XL,Blend,UV-protection,Fall 2024,231.42
SKU1000132,Comfort Jacket,Outerwear,Jacket,Comfort,Cream,XXL,Silk,Insulated,Fall 2025,157.89
SKU1000133,Premium Coat,Outerwear,Coat,Premium,Black,L,Polyester,Breathable,Summer 2025,218.14
SKU1000134,Premium Cardigan,Outerwear,Cardigan,Premium,White,XS,Linen,Quick-dry|Moisture-wicking|Windproof,Winter 2024,194.02
SKU1000135,Premium Blazer,Outerwear,Blazer,Premium,Beige,L,Wool,Stretch|Waterproof|Moisture-wicking,Spring 2025,205.64
SKU1000136,Style Parka,Outerwear,Parka,Style,Green,XS,Wool,Stretch|Insulated,Fall 2024,108.48
SKU1000137,Classic Vest,Outerwear,Vest,Classic,Cream,S,Cashmere,Quick-dry,Fall 2024,90.17
SKU1000138,Premium Jacket,Outerwear,Jacket,Premium,Blue,XS,Nylon,,Winter 2025,164.87
SKU1000139,Comfort Coat,Outerwear,Coat,Comfort,Charcoal,S,Cotton,Breathable,Spring 2024,131.86
SKU1000140,Nordic Cardigan,Outerwear,Cardigan,Nordic,Blue,L,Fleece,Breathable|Quick-dry|Waterproof,Summer 2025,172.96
SKU1000141,Essential Blazer,Outerwear,Blazer,Essential,Gray,XL,Leather,Windproof,Winter 2025,230.92
SKU1000142,Premium Parka,Outerwear,Parka,Premium,Tan,XXL,Linen,Quick-dry|Moisture-wicking,Summer 2025,242.58
SKU1000143,Style Vest,Outerwear,Vest,Style,Burgundy,XL,Denim,,Summer 2025,135.45
SKU1000144,Alpine Jacket,Outerwear,Jacket,Alpine,Brown,L,Polyester,UV-protection|Moisture-wicking,Winter 2025,159.88
SKU1000145,Premium Coat,Outerwear,Coat,Premium,White,L,Blend,,Fall 2024,219.41
SKU1000146,Classic Cardigan,Outerwear,Cardigan,Classic,White,S,Leather,Windproof|Breathable|Waterproof,Winter 2025,193.98
SKU1000147,Urban Blazer,Outerwear,Blazer,Urban,Navy,XS,Fleece,Quick-dry|Breathable|Moisture-wicking,Fall 2024,122.13
SKU1000148,Comfort Parka,Outerwear,Parka,Comfort,Black,M,Cashmere,UV-protection|Windproof|Insulated,Summer 2024,226.04
SKU1000149,Essential Vest,Outerwear,Vest,Essential,Red,XXL,Leather,,Fall 2024,122.84
SKU1000150,Essential Jacket,Outerwear,Jacket,Essential,Tan,XXL,Fleece,Waterproof,Winter 2025,170.52
SKU1000151,Classic Coat,Outerwear,Coat,Classic,Blue,S,Linen,,Winter 2024,132.89
SKU1000152,Alpine Cardigan,Outerwear,Cardigan,Alpine,Cream,XS,Denim,,Summer 2025,194.56
SKU1000153,Comfort Blazer,Outerwear,Blazer,Comfort,Burgundy,M,Cashmere,Breathable|Waterproof,Summer 2025,152.78
SKU1000154,Modern Parka,Outerwear,Parka,Modern,Green,XXL,Leather,Breathable,Winter 2024,165.99
SKU1000155,Style Vest,Outerwear,Vest,Style,Cream,XXL,Leather,Insulated|Waterproof|Stretch,Winter 2024,141.83
SKU1000156,Alpine Jacket,Outerwear,Jacket,Alpine,Burgundy,S,Denim,Insulated|Moisture-wicking|Quick-dry,Summer 2024,91.75
SKU1000157,Comfort Coat,Outerwear,Coat,Comfort,Black,S,Wool,Insulated|Quick-dry,Fall 2024,167.58
SKU1000158,Style Cardigan,Outerwear,Cardigan,Style,Green,XXL,Fleece,Moisture-wicking,Winter 2025,204.88
SKU1000159,Essential Blazer,Outerwear,Blazer,Essential,Red,L,Polyester,Breathable|Windproof|Waterproof,Summer 2024,125.59
SKU1000160,Urban Shirt,Tops,Shirt,Urban,Tan,XS,Silk,Quick-dry|Stretch|Breathable,Summer 2024,72.28
SKU1000161,Comfort Blouse,Tops,Blouse,Comfort,Burgundy,M,Nylon,Wrinkle-free|Breathable|UV-protection,Fall 2025,64.92
SKU1000162,Urban Sweater,Tops,Sweater,Urban,Beige,XS,Polyester,,Summer 2024,87.47
SKU1000163,Elite T-Shirt,Tops,T-Shirt,Elite,Beige,XXL,Cotton,UV-protection|Wrinkle-free|Breathable,Fall 2025,49.83
SKU1000164,Nordic Polo,Tops,Polo,Nordic,Navy,M,Cashmere,Wrinkle-free|Stretch|Quick-dry,Fall 2025,76.42
SKU1000165,Modern Turtleneck,Tops,Turtleneck,Modern,Cream,XL,Nylon,Stretch|Breathable|Wrinkle-free,Fall 2024,94.73
SKU1000166,Urban Shirt,Tops,Shirt,Urban,Blue,S,Leather,,Summer 2024,61.97
SKU1000167,Essential Blouse,Tops,Blouse,Essential,Black,S,Leather,Moisture-wicking|Quick-dry,Fall 2024,89.42
SKU1000168,Style Sweater,Tops,Sweater,Style,Charcoal,S,Cashmere,,Spring 2025,57.06
SKU1000169,Nordic T-Shirt,Tops,T-Shirt,Nordic,Tan,L,Linen,UV-protection|Wrinkle-free,Winter 2025,44.79
SKU1000170,Nordic Polo,Tops,Polo,Nordic,Charcoal,M,Cashmere,Wrinkle-free|Moisture-wicking|Stretch,Fall 2024,75.56
SKU1000171,Classic Turtleneck,Tops,Turtleneck,Classic,Red,XS,Leather,UV-protection|Moisture-wicking|Stretch,Fall 2024,51.15
SKU1000172,Essential Shirt,Tops,Shirt,Essential,Black,S,Cotton,Stretch|UV-protection|Quick-dry,Fall 2024,77.8
SKU1000173,Modern Blouse,Tops,Blouse,Modern,Navy,L,Polyester,Moisture-wicking|Breathable|UV-protection,Summer 2025,85.07
SKU1000174,Classic Sweater,Tops,Sweater,Classic,Tan,S,Blend,,Winter 2025,59.02
SKU1000175,Elite T-Shirt,Tops,T-Shirt,Elite,Gray,M,Fleece,Breathable,Summer 2024,42.82
SKU1000176,Style Polo,Tops,Polo,Style,Navy,M,Silk,Stretch,Summer 2024,97.9
SKU1000177,Alpine Turtleneck,Tops,Turtleneck,Alpine,Gray,L,Linen,Quick-dry|UV-protection|Moisture-wicking,Fall 2025,112.44
SKU1000178,Nordic Shirt,Tops,Shirt,Nordic,Gray,S,Wool,Wrinkle-free|Breathable,Spring 2024,68.57
SKU1000179,Premium Blouse,Tops,Blouse,Premium,Red,S,Nylon,Moisture-wicking|UV-protection|Stretch,Winter 2025,46.21
SKU1000180,Urban Sweater,Tops,Sweater,Urban,Navy,L,Leather,Moisture-wicking|Stretch|Breathable,Summer 2024,30.28
SKU1000181,Essential T-Shirt,Tops,T-Shirt,Essential,White,XS,Cashmere,Quick-dry,Winter 2025,71.66
SKU1000182,Alpine Polo,Tops,Polo,Alpine,White,M,Polyester,Moisture-wicking|Quick-dry,Winter 2025,54.32
SKU1000183,Essential Turtleneck,Tops,Turtleneck,Essential,White,L,Cotton,,Summer 2025,102.35
SKU1000184,Modern Shirt,Tops,Shirt,Modern,Blue,L,Linen,Moisture-wicking|UV-protection|Breathable,Winter 2024,80.76
SKU1000185,Essential Blouse,Tops,Blouse,Essential,Burgundy,XS,Cotton,Stretch|Moisture-wicking,Fall 2024,44.86
SKU1000186,Elite Sweater,Tops,Sweater,Elite,Charcoal,L,Cashmere,Wrinkle-free|Breathable,Fall 2025,103.62
SKU1000187,Alpine T-Shirt,Tops,T-Shirt,Alpine,Olive,XS,Polyester,UV-protection|Stretch,Fall 2024,118.6
SKU1000188,Alpine Polo,Tops,Polo,Alpine,Tan,XL,Blend,Stretch|Breathable|Quick-dry,Fall 2024,109.71
SKU1000189,Urban Turtleneck,Tops,Turtleneck,Urban,Brown,XL,Silk,Moisture-wicking,Spring 2024,90.76
SKU1000190,Comfort Shirt,Tops,Shirt,Comfort,Blue,XXL,Denim,,Fall 2024,74.23
SKU1000191,Elite Blouse,Tops,Blouse,Elite,Navy,S,Leather,UV-protection|Stretch,Winter 2024,115.03
SKU1000192,Classic Sweater,Tops,Sweater,Classic,Blue,XL,Nylon,,Spring 2025,53.76
SKU1000193,Premium T-Shirt,Tops,T-Shirt,Premium,Black,M,Silk,Stretch|Breathable,Spring 2025,50.09
SKU1000194,Alpine Polo,Tops,Polo,Alpine,Gray,XXL,Wool,Moisture-wicking|Breathable,Summer 2024,68.58
SKU1000195,Premium Turtleneck,Tops,Turtleneck,Premium,Beige,L,Denim,UV-protection|Breathable|Stretch,Summer 2024,74.77
SKU1000196,Style Shirt,Tops,Shirt,Style,Tan,XS,Polyester,Moisture-wicking|Stretch|Quick-dry,Fall 2025,58.2
SKU1000197,Comfort Blouse,Tops,Blouse,Comfort,Green,M,Cashmere,,Summer 2024,39.13
SKU1000198,Nordic Sweater,Tops,Sweater,Nordic,Navy,S,Wool,UV-protection|Quick-dry,Winter 2025,44.18
SKU1000199,Alpine T-Shirt,Tops,T-Shirt,Alpine,Beige,XS,Silk,Stretch|Moisture-wicking|Breathable,Fall 2025,114.69
SKU1000200,Modern Polo,Tops,Polo,Modern,Navy,S,Cashmere,Quick-dry|Breathable,Spring 2025,107.81
SKU1000201,Urban Turtleneck,Tops,Turtleneck,Urban,Blue,L,Linen,Wrinkle-free|Moisture-wicking|Breathable,Spring 2024,50.25
SKU1000202,Classic Shirt,Tops,Shirt,Classic,Charcoal,S,Denim,Quick-dry,Fall 2025,43.72
SKU1000203,Alpine Blouse,Tops,Blouse,Alpine,Burgundy,XL,Linen,Moisture-wicking|Breathable|Wrinkle-free,Winter 2024,89.69
SKU1000204,Classic Sweater,Tops,Sweater,Classic,Navy,XS,Nylon,UV-protection,Winter 2024,105.67
SKU1000205,Premium T-Shirt,Tops,T-Shirt,Premium,Olive,M,Fleece,Breathable|UV-protection|Moisture-wicking,Fall 2024,118.26
SKU1000206,Essential Polo,Tops,Polo,Essential,Blue,M,Cotton,Breathable,Summer 2024,103.27
SKU1000207,Comfort Turtleneck,Tops,Turtleneck,Comfort,Burgundy,L,Cashmere,Wrinkle-free,Summer 2024,110.29
SKU1000208,Nordic Shirt,Tops,Shirt,Nordic,Black,S,Fleece,Quick-dry|Breathable|UV-protection,Winter 2025,65.4
SKU1000209,Comfort Blouse,Tops,Blouse,Comfort,Black,S,Leather,Moisture-wicking,Fall 2024,81.09
SKU1000210,Classic Sweater,Tops,Sweater,Classic,Burgundy,L,Leather,UV-protection,Spring 2025,108.93
SKU1000211,Elite T-Shirt,Tops,T-Shirt,Elite,Red,S,Polyester,,Fall 2024,35.65
SKU1000212,Modern Polo,Tops,Polo,Modern,Brown,XL,Fleece,Breathable,Fall 2024,72.2
SKU1000213,Comfort Turtleneck,Tops,Turtleneck,Comfort,Brown,XL,Wool,,Winter 2025,119.26
SKU1000214,Alpine Shirt,Tops,Shirt,Alpine,Beige,XS,Polyester,Stretch|Wrinkle-free|Quick-dry,Summer 2025,39.43
SKU1000215,Nordic Blouse,Tops,Blouse,Nordic,Beige,XXL,Cashmere,Quick-dry,Summer 2025,51.77
SKU1000216,Urban Sweater,Tops,Sweater,Urban,Burgundy,XXL,Wool,Breathable|Stretch|UV-protection,Summer 2024,36.24
SKU1000217,Elite T-Shirt,Tops,T-Shirt,Elite,Blue,L,Blend,UV-protection,Fall 2025,48
SKU1000218,Urban Polo,Tops,Polo,Urban,Cream,M,Cotton,Wrinkle-free|Quick-dry,Fall 2024,101.04
SKU1000219,Style Turtleneck,Tops,Turtleneck,Style,Charcoal,XXL,Blend,,Summer 2025,102.9
SKU1000220,Elite Shirt,Tops,Shirt,Elite,Brown,XXL,Cotton,Wrinkle-free,Fall 2024,56.9
SKU1000221,Nordic Blouse,Tops,Blouse,Nordic,Red,L,Cashmere,,Fall 2024,84.37
SKU1000222,Essential Sweater,Tops,Sweater,Essential,Green,M,Silk,,Winter 2024,41.84
SKU1000223,Comfort T-Shirt,Tops,T-Shirt,Comfort,Burgundy,XS,Denim,Stretch|UV-protection,Summer 2024,68.71
SKU1000224,Nordic Polo,Tops,Polo,Nordic,Red,XS,Wool,Quick-dry|Breathable|Wrinkle-free,Spring 2025,116.19
SKU1000225,Modern Turtleneck,Tops,Turtleneck,Modern,Olive,XXL,Blend,Quick-dry|Stretch,Spring 2024,54.37
SKU1000226,Alpine Shirt,Tops,Shirt,Alpine,Olive,M,Denim,Wrinkle-free|Breathable|UV-protection,Fall 2025,90.61
SKU1000227,Essential Blouse,Tops,Blouse,Essential,White,L,Denim,Wrinkle-free|Stretch|Moisture-wicking,Summer 2025,78.74
SKU1000228,Elite Sweater,Tops,Sweater,Elite,Red,M,Cotton,Moisture-wicking|Breathable|Wrinkle-free,Fall 2024,33.58
SKU1000229,Urban T-Shirt,Tops,T-Shirt,Urban,Burgundy,L,Nylon,Wrinkle-free|UV-protection|Stretch,Fall 2024,67.22
SKU1000230,Style Polo,Tops,Polo,Style,Brown,XXL,Polyester,,Spring 2025,46.6
SKU1000231,Style Turtleneck,Tops,Turtleneck,Style,White,XXL,Leather,Quick-dry|UV-protection,Spring 2025,64.59
SKU1000232,Modern Shirt,Tops,Shirt,Modern,Olive,XXL,Denim,Breathable,Winter 2025,39.74
SKU1000233,Essential Blouse,Tops,Blouse,Essential,Charcoal,M,Fleece,Quick-dry,Fall 2025,94.28
SKU1000234,Essential Sweater,Tops,Sweater,Essential,Brown,XL,Cashmere,Quick-dry|Wrinkle-free,Summer 2025,43.68
SKU1000235,Nordic T-Shirt,Tops,T-Shirt,Nordic,White,L,Denim,Quick-dry|UV-protection|Wrinkle-free,Winter 2024,54.54
SKU1000236,Urban Polo,Tops,Polo,Urban,Tan,M,Polyester,Breathable|Quick-dry|UV-protection,Summer 2025,115.82
SKU1000237,Classic Turtleneck,Tops,Turtleneck,Classic,Tan,XS,Cashmere,Quick-dry,Spring 2025,40.62
SKU1000238,Premium Shirt,Tops,Shirt,Premium,Cream,L,Cashmere,Breathable,Fall 2024,102.05
SKU1000239,Alpine Blouse,Tops,Blouse,Alpine,White,XS,Cotton,UV-protection,Winter 2025,109.4
SKU1000240,Comfort Sweater,Tops,Sweater,Comfort,White,XS,Blend,Stretch|Quick-dry,Spring 2024,34.49
SKU1000241,Modern T-Shirt,Tops,T-Shirt,Modern,Olive,L,Cashmere,Moisture-wicking|Stretch,Summer 2025,33.62
SKU1000242,Premium Polo,Tops,Polo,Premium,Olive,XS,Nylon,,Spring 2025,100.53
SKU1000243,Classic Turtleneck,Tops,Turtleneck,Classic,Tan,S,Denim,Stretch|Breathable|Moisture-wicking,Fall 2024,46.72
SKU1000244,Classic Shirt,Tops,Shirt,Classic,Charcoal,XXL,Blend,,Winter 2025,81.92
SKU1000245,Classic Blouse,Tops,Blouse,Classic,Brown,S,Polyester,,Spring 2025,76.91
SKU1000246,Nordic Sweater,Tops,Sweater,Nordic,Green,XL,Wool,Stretch,Winter 2025,97.87
SKU1000247,Style T-Shirt,Tops,T-Shirt,Style,Green,XL,Nylon,Wrinkle-free|Breathable,Fall 2025,87.51
SKU1000248,Comfort Polo,Tops,Polo,Comfort,Blue,XS,Cotton,Quick-dry|Stretch,Summer 2025,78.37
SKU1000249,Modern Turtleneck,Tops,Turtleneck,Modern,Cream,M,Blend,Breathable|UV-protection,Winter 2024,31.01
SKU1000250,Classic Shirt,Tops,Shirt,Classic,Cream,XS,Polyester,Wrinkle-free,Summer 2025,58.98
SKU1000251,Elite Blouse,Tops,Blouse,Elite,Olive,L,Linen,Breathable|Quick-dry,Winter 2024,83.91
SKU1000252,Modern Sweater,Tops,Sweater,Modern,Blue,M,Leather,,Summer 2025,33.13
SKU1000253,Nordic T-Shirt,Tops,T-Shirt,Nordic,Blue,XL,Nylon,Stretch|Wrinkle-free,Summer 2025,49.05
SKU1000254,Alpine Polo,Tops,Polo,Alpine,Burgundy,L,Denim,Wrinkle-free,Winter 2025,33.01
SKU1000255,Modern Turtleneck,Tops,Turtleneck,Modern,Gray,XXL,Linen,Breathable|Stretch,Spring 2025,63.75
SKU1000256,Style Shirt,Tops,Shirt,Style,Cream,S,Polyester,,Fall 2024,43.12
SKU1000257,Style Blouse,Tops,Blouse,Style,Charcoal,M,Polyester,Breathable|UV-protection,Spring 2025,78.19
SKU1000258,Essential Sweater,Tops,Sweater,Essential,Blue,XS,Blend,UV-protection,Summer 2025,88.31
SKU1000259,Essential T-Shirt,Tops,T-Shirt,Essential,Brown,XXL,Linen,,Spring 2025,81.45
SKU1000260,Classic Polo,Tops,Polo,Classic,White,L,Denim,Moisture-wicking,Spring 2025,68.19
SKU1000261,Comfort Turtleneck,Tops,Turtleneck,Comfort,Charcoal,XL,Wool,,Fall 2024,88.22
SKU1000262,Elite Shirt,Tops,Shirt,Elite,Tan,S,Linen,Wrinkle-free|UV-protection|Stretch,Fall 2024,56.44
SKU1000263,Urban Blouse,Tops,Blouse,Urban,Olive,XS,Blend,Stretch|Quick-dry,Spring 2025,64.65
SKU1000264,Alpine Sweater,Tops,Sweater,Alpine,Green,XS,Cashmere,Moisture-wicking,Spring 2024,116.15
SKU1000265,Style T-Shirt,Tops,T-Shirt,Style,Black,M,Blend,UV-protection|Moisture-wicking|Quick-dry,Summer 2025,56.26
SKU1000266,Elite Polo,Tops,Polo,Elite,Blue,XXL,Silk,Quick-dry|Moisture-wicking|Stretch,Summer 2025,77.24
SKU1000267,Essential Turtleneck,Tops,Turtleneck,Essential,Green,XS,Silk,Stretch|Wrinkle-free,Fall 2024,72.55
SKU1000268,Alpine Shirt,Tops,Shirt,Alpine,Cream,M,Fleece,Quick-dry,Fall 2025,102.25
SKU1000269,Comfort Blouse,Tops,Blouse,Comfort,Navy,S,Polyester,Quick-dry|Moisture-wicking|UV-protection,Spring 2025,53.67
SKU1000270,Elite Sweater,Tops,Sweater,Elite,Gray,XXL,Fleece,Breathable|Moisture-wicking,Spring 2024,97.07
SKU1000271,Urban T-Shirt,Tops,T-Shirt,Urban,Olive,M,Cotton,Quick-dry,Summer 2024,72.83
SKU1000272,Elite Polo,Tops,Polo,Elite,Green,S,Nylon,,Spring 2024,41.8
SKU1000273,Premium Turtleneck,Tops,Turtleneck,Premium,Green,XS,Silk,Stretch|Wrinkle-free,Fall 2025,34.1
SKU1000274,Urban Shirt,Tops,Shirt,Urban,Blue,M,Cashmere,Wrinkle-free,Spring 2024,107.12
SKU1000275,Nordic Blouse,Tops,Blouse,Nordic,Tan,XL,Polyester,Moisture-wicking,Fall 2024,118.43
SKU1000276,Premium Sweater,Tops,Sweater,Premium,Olive,S,Cotton,,Summer 2024,38.14
SKU1000277,Comfort T-Shirt,Tops,T-Shirt,Comfort,White,M,Denim,Stretch|Breathable|UV-protection,Spring 2025,119.95
SKU1000278,Alpine Polo,Tops,Polo,Alpine,Gray,XS,Nylon,UV-protection|Breathable,Winter 2025,80.64
SKU1000279,Classic Turtleneck,Tops,Turtleneck,Classic,White,M,Leather,Moisture-wicking|Breathable,Winter 2025,85.93
SKU1000280,Urban Shirt,Tops,Shirt,Urban,Navy,XL,Silk,Quick-dry,Fall 2025,88.39
SKU1000281,Alpine Blouse,Tops,Blouse,Alpine,Burgundy,M,Leather,Moisture-wicking,Fall 2025,72.43
SKU1000282,Essential Sweater,Tops,Sweater,Essential,Green,S,Blend,,Summer 2025,101.32
SKU1000283,Style T-Shirt,Tops,T-Shirt,Style,Red,XS,Nylon,Wrinkle-free|Quick-dry,Winter 2024,65.4
SKU1000284,Premium Polo,Tops,Polo,Premium,Charcoal,L,Leather,UV-protection|Quick-dry|Moisture-wicking,Spring 2025,102.9
SKU1000285,Nordic Turtleneck,Tops,Turtleneck,Nordic,Burgundy,XS,Silk,,Winter 2024,83.91
SKU1000286,Premium Shirt,Tops,Shirt,Premium,Brown,XXL,Nylon,Stretch|Wrinkle-free,Spring 2024,86.97
SKU1000287,Elite Blouse,Tops,Blouse,Elite,Olive,M,Cashmere,UV-protection,Spring 2024,114.06
SKU1000288,Modern Sweater,Tops,Sweater,Modern,Brown,S,Wool,Wrinkle-free|Breathable,Spring 2024,53.18
SKU1000289,Comfort T-Shirt,Tops,T-Shirt,Comfort,Navy,M,Linen,Quick-dry|UV-protection,Fall 2025,101.9
SKU1000290,Modern Polo,Tops,Polo,Modern,Red,L,Denim,Quick-dry|UV-protection|Wrinkle-free,Spring 2024,60.72
SKU1000291,Nordic Turtleneck,Tops,Turtleneck,Nordic,Beige,XXL,Cotton,UV-protection,Winter 2025,103.95
SKU1000292,Modern Shirt,Tops,Shirt,Modern,Blue,XS,Blend,,Summer 2025,81.48
SKU1000293,Style Blouse,Tops,Blouse,Style,Charcoal,L,Denim,Moisture-wicking,Spring 2024,108.94
SKU1000294,Urban Sweater,Tops,Sweater,Urban,Beige,XS,Blend,Quick-dry|UV-protection|Breathable,Summer 2025,66.31
SKU1000295,Premium T-Shirt,Tops,T-Shirt,Premium,Brown,XXL,Nylon,,Fall 2024,51.46
SKU1000296,Essential Polo,Tops,Polo,Essential,Red,XXL,Silk,,Fall 2025,63.09
SKU1000297,Style Turtleneck,Tops,Turtleneck,Style,White,XXL,Blend,,Fall 2025,44.41
SKU1000298,Style Shirt,Tops,Shirt,Style,Black,S,Cotton,Moisture-wicking|Stretch|Quick-dry,Winter 2025,113.18
SKU1000299,Urban Blouse,Tops,Blouse,Urban,Black,L,Nylon,Stretch|Wrinkle-free,Fall 2025,66.75
SKU1000300,Modern Sweater,Tops,Sweater,Modern,Blue,XL,Cashmere,,Winter 2024,68.05
SKU1000301,Elite T-Shirt,Tops,T-Shirt,Elite,Charcoal,XL,Denim,UV-protection|Quick-dry,Spring 2025,49.36
SKU1000302,Style Polo,Tops,Polo,Style,Green,XS,Denim,,Fall 2024,98.13
SKU1000303,Alpine Turtleneck,Tops,Turtleneck,Alpine,Olive,M,Wool,Breathable|UV-protection,Fall 2025,84.65
SKU1000304,Modern Shirt,Tops,Shirt,Modern,Blue,L,Silk,Moisture-wicking,Summer 2024,44.38
SKU1000305,Classic Blouse,Tops,Blouse,Classic,Cream,S,Leather,Wrinkle-free,Winter 2025,59.89
SKU1000306,Nordic Sweater,Tops,Sweater,Nordic,Gray,XS,Nylon,,Spring 2024,38.09
SKU1000307,Alpine T-Shirt,Tops,T-Shirt,Alpine,Charcoal,XS,Nylon,Quick-dry|UV-protection,Summer 2024,78.77
SKU1000308,Elite Polo,Tops,Polo,Elite,Cream,S,Cashmere,Moisture-wicking|Wrinkle-free,Spring 2025,94.94
SKU1000309,Urban Turtleneck,Tops,Turtleneck,Urban,Green,XS,Cashmere,,Summer 2025,95.57
SKU1000310,Urban Shirt,Tops,Shirt,Urban,Brown,S,Cotton,Moisture-wicking|Breathable|Wrinkle-free,Spring 2024,87.93
SKU1000311,Premium Blouse,Tops,Blouse,Premium,Tan,XS,Fleece,UV-protection|Breathable|Moisture-wicking,Winter 2024,62.81
SKU1000312,Style Sweater,Tops,Sweater,Style,Charcoal,M,Cotton,Breathable|Stretch,Fall 2025,89.59
SKU1000313,Comfort T-Shirt,Tops,T-Shirt,Comfort,Brown,L,Cotton,,Summer 2025,73.14
SKU1000314,Urban Polo,Tops,Polo,Urban,Charcoal,XXL,Polyester,Stretch|Quick-dry|Breathable,Summer 2024,72.7
SKU1000315,Classic Turtleneck,Tops,Turtleneck,Classic,Red,S,Wool,Moisture-wicking,Summer 2024,115.81
SKU1000316,Alpine Shirt,Tops,Shirt,Alpine,Charcoal,L,Cashmere,UV-protection|Moisture-wicking|Wrinkle-free,Winter 2024,72.74
SKU1000317,Elite Blouse,Tops,Blouse,Elite,Brown,XXL,Nylon,UV-protection|Quick-dry|Stretch,Winter 2025,85.04
SKU1000318,Elite Sweater,Tops,Sweater,Elite,White,XL,Blend,Stretch|UV-protection,Fall 2024,40.57
SKU1000319,Premium T-Shirt,Tops,T-Shirt,Premium,Burgundy,XS,Wool,Quick-dry|Moisture-wicking|Breathable,Fall 2024,118.36
SKU1000320,Classic Pants,Bottoms,Pants,Classic,Charcoal,XL,Blend,UV-protection,Summer 2025,126.1
SKU1000321,Urban Jeans,Bottoms,Jeans,Urban,Brown,XL,Wool,Stretch|UV-protection,Fall 2025,62.47
SKU1000322,Comfort Skirt,Bottoms,Skirt,Comfort,Navy,M,Cotton,Stretch,Summer 2024,138.88
SKU1000323,Urban Shorts,Bottoms,Shorts,Urban,Blue,M,Denim,,Fall 2024,146.79
SKU1000324,Elite Leggings,Bottoms,Leggings,Elite,Charcoal,M,Leather,Breathable|Stretch|Quick-dry,Fall 2025,70.11
SKU1000325,Style Pants,Bottoms,Pants,Style,Navy,XXL,Nylon,Quick-dry,Winter 2025,149.04
SKU1000326,Urban Jeans,Bottoms,Jeans,Urban,Navy,XL,Blend,Wrinkle-free,Fall 2024,105.23
SKU1000327,Alpine Skirt,Bottoms,Skirt,Alpine,Blue,S,Silk,UV-protection|Breathable|Stretch,Spring 2024,85.55
SKU1000328,Classic Shorts,Bottoms,Shorts,Classic,Beige,XL,Cotton,,Summer 2025,85
SKU1000329,Essential Leggings,Bottoms,Leggings,Essential,Red,S,Nylon,Quick-dry|Wrinkle-free,Summer 2024,89.34
SKU1000330,Alpine Pants,Bottoms,Pants,Alpine,Beige,S,Silk,Moisture-wicking|Quick-dry,Fall 2024,70.22
SKU1000331,Urban Jeans,Bottoms,Jeans,Urban,Red,XL,Silk,Quick-dry|UV-protection|Wrinkle-free,Winter 2024,78.7
SKU1000332,Classic Skirt,Bottoms,Skirt,Classic,Black,XL,Linen,Stretch|Quick-dry,Fall 2025,96.99
SKU1000333,Essential Shorts,Bottoms,Shorts,Essential,Blue,XL,Leather,Breathable|Quick-dry|Wrinkle-free,Fall 2024,112.51
SKU1000334,Modern Leggings,Bottoms,Leggings,Modern,Charcoal,L,Cotton,Quick-dry|Stretch,Fall 2024,119.58
SKU1000335,Essential Pants,Bottoms,Pants,Essential,Gray,L,Wool,UV-protection,Spring 2024,98.79
SKU1000336,Nordic Jeans,Bottoms,Jeans,Nordic,Gray,XXL,Denim,,Fall 2024,143.92
SKU1000337,Elite Skirt,Bottoms,Skirt,Elite,Black,XXL,Nylon,Quick-dry|UV-protection|Moisture-wicking,Winter 2025,137.98
SKU1000338,Comfort Shorts,Bottoms,Shorts,Comfort,Charcoal,L,Fleece,,Summer 2024,107.59
SKU1000339,Urban Leggings,Bottoms,Leggings,Urban,Brown,XXL,Silk,Wrinkle-free,Winter 2025,105.93
SKU1000340,Urban Pants,Bottoms,Pants,Urban,White,XXL,Wool,,Summer 2024,81.16
SKU1000341,Alpine Jeans,Bottoms,Jeans,Alpine,Black,XL,Linen,Quick-dry|UV-protection|Wrinkle-free,Fall 2025,141.4
SKU1000342,Nordic Skirt,Bottoms,Skirt,Nordic,Cream,M,Polyester,UV-protection,Fall 2025,87.83
SKU1000343,Alpine Shorts,Bottoms,Shorts,Alpine,Gray,XXL,Nylon,Stretch,Summer 2024,88.31
SKU1000344,Essential Leggings,Bottoms,Leggings,Essential,White,S,Silk,Wrinkle-free|Moisture-wicking,Spring 2025,65.98
SKU1000345,Comfort Pants,Bottoms,Pants,Comfort,Brown,L,Cotton,Wrinkle-free,Spring 2025,146.17
SKU1000346,Premium Jeans,Bottoms,Jeans,Premium,Brown,M,Fleece,,Spring 2025,69.31
SKU1000347,Alpine Skirt,Bottoms,Skirt,Alpine,Beige,XXL,Polyester,UV-protection|Wrinkle-free|Moisture-wicking,Summer 2025,82.46
SKU1000348,Urban Shorts,Bottoms,Shorts,Urban,Beige,XS,Cotton,,Summer 2025,113.06
SKU1000349,Style Leggings,Bottoms,Leggings,Style,Brown,XXL,Blend,Stretch|Quick-dry,Spring 2025,93.53
SKU1000350,Comfort Pants,Bottoms,Pants,Comfort,White,XL,Polyester,Quick-dry|Wrinkle-free|Moisture-wicking,Winter 2024,116.73
SKU1000351,Alpine Jeans,Bottoms,Jeans,Alpine,Tan,S,Cotton,,Winter 2024,149.53
SKU1000352,Modern Skirt,Bottoms,Skirt,Modern,Beige,XS,Polyester,Quick-dry,Summer 2025,74.98
SKU1000353,Comfort Shorts,Bottoms,Shorts,Comfort,Charcoal,S,Blend,,Spring 2024,56.29
SKU1000354,Premium Leggings,Bottoms,Leggings,Premium,Navy,XL,Leather,Moisture-wicking|Breathable|Wrinkle-free,Winter 2025,124.44
SKU1000355,Essential Pants,Bottoms,Pants,Essential,Charcoal,L,Wool,UV-protection,Fall 2025,117.65
SKU1000356,Premium Jeans,Bottoms,Jeans,Premium,Cream,XL,Denim,UV-protection,Spring 2024,54.9
SKU1000357,Elite Skirt,Bottoms,Skirt,Elite,White,L,Wool,Stretch,Winter 2024,54.63
SKU1000358,Premium Shorts,Bottoms,Shorts,Premium,Charcoal,M,Nylon,Stretch|Breathable|Wrinkle-free,Winter 2025,84.1
SKU1000359,Nordic Leggings,Bottoms,Leggings,Nordic,Cream,S,Leather,,Winter 2025,78.27
SKU1000360,Comfort Pants,Bottoms,Pants,Comfort,Black,XXL,Fleece,Moisture-wicking|Breathable|UV-protection,Summer 2025,133.35
SKU1000361,Comfort Jeans,Bottoms,Jeans,Comfort,Gray,XL,Wool,Moisture-wicking|Quick-dry|Wrinkle-free,Fall 2025,119.49
SKU1000362,Nordic Skirt,Bottoms,Skirt,Nordic,Brown,L,Polyester,Stretch,Winter 2024,74.67
SKU1000363,Alpine Shorts,Bottoms,Shorts,Alpine,Red,XL,Polyester,Breathable,Spring 2025,89.62
SKU1000364,Alpine Leggings,Bottoms,Leggings,Alpine,Blue,XS,Cotton,Wrinkle-free|Moisture-wicking,Spring 2025,67.96
SKU1000365,Classic Pants,Bottoms,Pants,Classic,Brown,M,Linen,Wrinkle-free|Stretch|Moisture-wicking,Winter 2024,108.95
SKU1000366,Classic Jeans,Bottoms,Jeans,Classic,Charcoal,L,Cashmere,Quick-dry|Moisture-wicking,Fall 2024,106.71
SKU1000367,Essential Skirt,Bottoms,Skirt,Essential,Green,L,Linen,Breathable,Fall 2025,70.59
SKU1000368,Modern Shorts,Bottoms,Shorts,Modern,White,M,Fleece,Breathable|Wrinkle-free,Spring 2025,79.77
SKU1000369,Essential Leggings,Bottoms,Leggings,Essential,Green,S,Cotton,Breathable,Summer 2025,67.81
SKU1000370,Comfort Pants,Bottoms,Pants,Comfort,Brown,M,Linen,Quick-dry,Fall 2024,99.41
SKU1000371,Essential Jeans,Bottoms,Jeans,Essential,Burgundy,S,Fleece,Quick-dry|Stretch,Spring 2025,140.02
SKU1000372,Classic Skirt,Bottoms,Skirt,Classic,Olive,XXL,Cotton,Breathable|Wrinkle-free|Stretch,Winter 2025,56.54
SKU1000373,Classic Shorts,Bottoms,Shorts,Classic,Black,XXL,Cotton,UV-protection|Breathable,Spring 2024,143.87
SKU1000374,Alpine Leggings,Bottoms,Leggings,Alpine,White,XS,Linen,Moisture-wicking,Summer 2024,119.73
SKU1000375,Premium Pants,Bottoms,Pants,Premium,Navy,XS,Nylon,UV-protection|Quick-dry,Fall 2025,116.35
SKU1000376,Alpine Jeans,Bottoms,Jeans,Alpine,Black,S,Denim,Stretch|Moisture-wicking,Spring 2025,82.83
SKU1000377,Urban Skirt,Bottoms,Skirt,Urban,Navy,XS,Nylon,Moisture-wicking,Summer 2025,70.57
SKU1000378,Modern Shorts,Bottoms,Shorts,Modern,Gray,XL,Leather,,Spring 2024,85.53
SKU1000379,Comfort Leggings,Bottoms,Leggings,Comfort,Tan,XL,Cashmere,Wrinkle-free,Spring 2024,94.56
SKU1000380,Classic Pants,Bottoms,Pants,Classic,Gray,L,Nylon,UV-protection,Winter 2024,63.08
SKU1000381,Comfort Jeans,Bottoms,Jeans,Comfort,Gray,S,Nylon,Wrinkle-free|Stretch,Spring 2024,109.12
SKU1000382,Urban Skirt,Bottoms,Skirt,Urban,Black,XL,Polyester,UV-protection,Winter 2025,52.09
SKU1000383,Alpine Shorts,Bottoms,Shorts,Alpine,Burgundy,XL,Cotton,Stretch|Moisture-wicking|Breathable,Summer 2025,103.6
SKU1000384,Essential Leggings,Bottoms,Leggings,Essential,Navy,S,Silk,Breathable|UV-protection|Quick-dry,Winter 2024,59.84
SKU1000385,Essential Pants,Bottoms,Pants,Essential,Tan,XS,Polyester,Stretch|Wrinkle-free,Winter 2024,113.18
SKU1000386,Urban Jeans,Bottoms,Jeans,Urban,Olive,L,Polyester,Wrinkle-free|Quick-dry,Summer 2025,112.45
SKU1000387,Alpine Skirt,Bottoms,Skirt,Alpine,Cream,L,Wool,,Spring 2024,131.1
SKU1000388,Nordic Shorts,Bottoms,Shorts,Nordic,Brown,XL,Cotton,Moisture-wicking|Quick-dry|Stretch,Spring 2024,81.13
SKU1000389,Elite Leggings,Bottoms,Leggings,Elite,Tan,M,Fleece,Stretch|Moisture-wicking|Wrinkle-free,Spring 2024,119.03
SKU1000390,Essential Pants,Bottoms,Pants,Essential,Gray,XXL,Cashmere,Moisture-wicking|UV-protection,Fall 2025,96.42
SKU1000391,Classic Jeans,Bottoms,Jeans,Classic,White,XS,Cotton,Breathable|UV-protection|Stretch,Spring 2024,132.99
SKU1000392,Alpine Skirt,Bottoms,Skirt,Alpine,Olive,M,Silk,Moisture-wicking,Summer 2025,79.82
SKU1000393,Elite Shorts,Bottoms,Shorts,Elite,Burgundy,XS,Denim,Moisture-wicking|UV-protection|Quick-dry,Winter 2025,148.84
SKU1000394,Style Leggings,Bottoms,Leggings,Style,White,XXL,Blend,,Spring 2024,95.63
SKU1000395,Essential Pants,Bottoms,Pants,Essential,Burgundy,XS,Polyester,Quick-dry,Summer 2025,80.91
SKU1000396,Alpine Jeans,Bottoms,Jeans,Alpine,Navy,S,Linen,UV-protection|Breathable|Quick-dry,Winter 2024,124.21
SKU1000397,Premium Skirt,Bottoms,Skirt,Premium,Cream,L,Leather,Breathable|Moisture-wicking,Fall 2024,79.99
SKU1000398,Alpine Shorts,Bottoms,Shorts,Alpine,Brown,XS,Polyester,Wrinkle-free|Stretch,Fall 2025,114.64
SKU1000399,Style Leggings,Bottoms,Leggings,Style,Beige,S,Denim,Breathable,Winter 2025,82
SKU1000400,Style Pants,Bottoms,Pants,Style,Brown,XXL,Nylon,Moisture-wicking|Wrinkle-free,Spring 2025,132.58
SKU1000401,Nordic Jeans,Bottoms,Jeans,Nordic,Gray,XS,Blend,Moisture-wicking,Fall 2025,130.92
SKU1000402,Classic Skirt,Bottoms,Skirt,Classic,Beige,S,Linen,Stretch,Winter 2025,98.3
SKU1000403,Premium Shorts,Bottoms,Shorts,Premium,Green,M,Leather,Stretch,Spring 2025,89.81
SKU1000404,Premium Leggings,Bottoms,Leggings,Premium,Black,M,Blend,,Summer 2025,90.73
SKU1000405,Nordic Pants,Bottoms,Pants,Nordic,Gray,XXL,Nylon,UV-protection,Summer 2024,126.92
SKU1000406,Modern Jeans,Bottoms,Jeans,Modern,Red,L,Cashmere,,Fall 2024,138.85
SKU1000407,Alpine Skirt,Bottoms,Skirt,Alpine,Tan,L,Blend,,Summer 2024,69.89
SKU1000408,Essential Shorts,Bottoms,Shorts,Essential,Green,L,Cotton,Wrinkle-free|Stretch|Quick-dry,Summer 2024,117.46
SKU1000409,Modern Leggings,Bottoms,Leggings,Modern,Red,S,Linen,Quick-dry,Fall 2025,130.42
SKU1000410,Elite Pants,Bottoms,Pants,Elite,Burgundy,M,Fleece,Stretch|Breathable,Summer 2024,111.32
SKU1000411,Premium Jeans,Bottoms,Jeans,Premium,Gray,S,Wool,,Winter 2025,52.94
SKU1000412,Elite Skirt,Bottoms,Skirt,Elite,Cream,L,Silk,Moisture-wicking|Quick-dry,Summer 2024,136.56
SKU1000413,Premium Shorts,Bottoms,Shorts,Premium,Tan,XL,Fleece,Stretch|UV-protection|Quick-dry,Spring 2024,103.03
SKU1000414,Style Leggings,Bottoms,Leggings,Style,Blue,XL,Blend,Wrinkle-free|Stretch,Spring 2024,124.82
SKU1000415,Premium Pants,Bottoms,Pants,Premium,Tan,XXL,Blend,Moisture-wicking,Spring 2025,135.59
SKU1000416,Essential Jeans,Bottoms,Jeans,Essential,Black,M,Wool,Moisture-wicking|UV-protection,Summer 2024,59.86
SKU1000417,Modern Skirt,Bottoms,Skirt,Modern,Navy,XL,Blend,Wrinkle-free|Stretch|Moisture-wicking,Summer 2024,75.92
SKU1000418,Comfort Shorts,Bottoms,Shorts,Comfort,Navy,XS,Leather,Breathable,Spring 2025,125.27
SKU1000419,Elite Leggings,Bottoms,Leggings,Elite,Olive,L,Cashmere,Wrinkle-free,Summer 2025,60.02
SKU1000420,Urban Pants,Bottoms,Pants,Urban,Charcoal,XXL,Linen,,Winter 2024,118.16
SKU1000421,Nordic Jeans,Bottoms,Jeans,Nordic,Red,XL,Wool,,Summer 2024,57.16
SKU1000422,Nordic Skirt,Bottoms,Skirt,Nordic,Red,S,Cotton,Stretch|UV-protection|Breathable,Summer 2024,132.5
SKU1000423,Elite Shorts,Bottoms,Shorts,Elite,Green,XXL,Linen,Quick-dry|Moisture-wicking|Wrinkle-free,Spring 2025,64.92
SKU1000424,Comfort Leggings,Bottoms,Leggings,Comfort,Burgundy,XL,Cashmere,Moisture-wicking|Wrinkle-free,Fall 2025,115.9
SKU1000425,Style Pants,Bottoms,Pants,Style,White,XXL,Cashmere,Moisture-wicking|Stretch|Breathable,Fall 2025,132.64
SKU1000426,Premium Jeans,Bottoms,Jeans,Premium,Olive,M,Cashmere,Moisture-wicking,Fall 2025,134.63
SKU1000427,Premium Skirt,Bottoms,Skirt,Premium,Black,XS,Cashmere,Moisture-wicking|Wrinkle-free,Winter 2024,90.16
SKU1000428,Alpine Shorts,Bottoms,Shorts,Alpine,Burgundy,S,Cashmere,Stretch|Moisture-wicking,Fall 2025,58.84
SKU1000429,Style Leggings,Bottoms,Leggings,Style,Burgundy,S,Cashmere,Wrinkle-free|UV-protection|Breathable,Spring 2025,101.75
SKU1000430,Urban Pants,Bottoms,Pants,Urban,Red,XS,Cashmere,Wrinkle-free,Summer 2024,142.32
SKU1000431,Elite Jeans,Bottoms,Jeans,Elite,Green,M,Wool,Breathable|Stretch|Wrinkle-free,Fall 2024,103.39
SKU1000432,Nordic Skirt,Bottoms,Skirt,Nordic,Red,XS,Fleece,Wrinkle-free,Summer 2024,103.12
SKU1000433,Essential Shorts,Bottoms,Shorts,Essential,Olive,L,Denim,Moisture-wicking|Breathable,Spring 2024,118.72
SKU1000434,Nordic Leggings,Bottoms,Leggings,Nordic,Brown,XL,Wool,UV-protection|Stretch|Wrinkle-free,Summer 2025,80.03
SKU1000435,Alpine Pants,Bottoms,Pants,Alpine,Tan,M,Leather,Wrinkle-free|Quick-dry|Breathable,Fall 2025,96.04
SKU1000436,Style Jeans,Bottoms,Jeans,Style,Brown,M,Nylon,,Fall 2025,113.09
SKU1000437,Elite Skirt,Bottoms,Skirt,Elite,Green,XL,Fleece,Quick-dry,Summer 2024,138.08
SKU1000438,Urban Shorts,Bottoms,Shorts,Urban,Olive,XS,Polyester,UV-protection,Summer 2024,79.72
SKU1000439,Comfort Leggings,Bottoms,Leggings,Comfort,Navy,L,Wool,,Spring 2024,53.55
SKU1000440,Essential Pants,Bottoms,Pants,Essential,Navy,M,Leather,Quick-dry|Moisture-wicking|Wrinkle-free,Summer 2025,75.99
SKU1000441,Modern Jeans,Bottoms,Jeans,Modern,Beige,XXL,Fleece,Moisture-wicking|Quick-dry,Winter 2024,133.09
SKU1000442,Style Skirt,Bottoms,Skirt,Style,Green,XXL,Leather,Stretch|Moisture-wicking|Breathable,Spring 2024,141.19
SKU1000443,Premium Shorts,Bottoms,Shorts,Premium,Gray,L,Cotton,Quick-dry,Spring 2025,69.96
SKU1000444,Classic Leggings,Bottoms,Leggings,Classic,Cream,S,Cashmere,Wrinkle-free,Summer 2025,121.16
SKU1000445,Style Pants,Bottoms,Pants,Style,White,L,Nylon,,Winter 2024,68.46
SKU1000446,Modern Jeans,Bottoms,Jeans,Modern,Green,XXL,Fleece,,Fall 2025,105.35
SKU1000447,Comfort Skirt,Bottoms,Skirt,Comfort,Navy,S,Nylon,,Winter 2024,149.01
SKU1000448,Nordic Shorts,Bottoms,Shorts,Nordic,Charcoal,XXL,Denim,Breathable|Moisture-wicking|UV-protection,Fall 2025,57.61
SKU1000449,Style Leggings,Bottoms,Leggings,Style,Brown,XL,Silk,,Summer 2025,64.59
SKU1000450,Comfort Pants,Bottoms,Pants,Comfort,Green,XS,Fleece,Quick-dry|UV-protection,Fall 2024,133.15
SKU1000451,Alpine Jeans,Bottoms,Jeans,Alpine,Black,XS,Cashmere,Quick-dry|Moisture-wicking|UV-protection,Spring 2024,88.37
SKU1000452,Style Skirt,Bottoms,Skirt,Style,White,XXL,Leather,,Spring 2024,112.56
SKU1000453,Modern Shorts,Bottoms,Shorts,Modern,Cream,XS,Cotton,,Summer 2024,58.7
SKU1000454,Style Leggings,Bottoms,Leggings,Style,Burgundy,L,Silk,,Winter 2024,71.13
SKU1000455,Style Pants,Bottoms,Pants,Style,Green,XS,Fleece,,Spring 2024,71.74
SKU1000456,Urban Jeans,Bottoms,Jeans,Urban,White,XXL,Nylon,Moisture-wicking,Summer 2024,105.32
SKU1000457,Urban Skirt,Bottoms,Skirt,Urban,Red,XL,Wool,Stretch,Spring 2024,136.94
SKU1000458,Urban Shorts,Bottoms,Shorts,Urban,Burgundy,S,Linen,UV-protection|Breathable|Quick-dry,Fall 2024,64
SKU1000459,Premium Leggings,Bottoms,Leggings,Premium,White,XS,Nylon,Breathable|Moisture-wicking|Wrinkle-free,Summer 2024,53.04
SKU1000460,Nordic Pants,Bottoms,Pants,Nordic,Green,XXL,Cashmere,Moisture-wicking|Stretch,Summer 2024,66.99
SKU1000461,Comfort Jeans,Bottoms,Jeans,Comfort,White,M,Silk,Quick-dry|Stretch,Winter 2024,67.27
SKU1000462,Alpine Skirt,Bottoms,Skirt,Alpine,Tan,XXL,Silk,Breathable|Stretch|Wrinkle-free,Spring 2024,64.27
SKU1000463,Style Shorts,Bottoms,Shorts,Style,Cream,L,Leather,Quick-dry,Summer 2024,100.19
SKU1000464,Urban Leggings,Bottoms,Leggings,Urban,Black,S,Cotton,Breathable|Quick-dry,Fall 2024,77.26
SKU1000465,Alpine Pants,Bottoms,Pants,Alpine,Beige,XXL,Fleece,,Winter 2024,59.58
SKU1000466,Modern Jeans,Bottoms,Jeans,Modern,Tan,XL,Wool,Moisture-wicking,Spring 2025,51.14
SKU1000467,Urban Skirt,Bottoms,Skirt,Urban,Cream,XXL,Polyester,Moisture-wicking,Winter 2024,107.07
SKU1000468,Modern Shorts,Bottoms,Shorts,Modern,Red,XXL,Fleece,Breathable,Spring 2025,105.54
SKU1000469,Style Leggings,Bottoms,Leggings,Style,Cream,S,Linen,Moisture-wicking,Fall 2025,101.93
SKU1000470,Comfort Pants,Bottoms,Pants,Comfort,Olive,XS,Nylon,UV-protection|Moisture-wicking|Wrinkle-free,Winter 2025,108.15
SKU1000471,Urban Jeans,Bottoms,Jeans,Urban,Navy,M,Nylon,UV-protection|Stretch,Winter 2025,78.55
SKU1000472,Elite Skirt,Bottoms,Skirt,Elite,Navy,M,Leather,,Fall 2024,61.05
SKU1000473,Elite Shorts,Bottoms,Shorts,Elite,Burgundy,XXL,Denim,,Winter 2024,98.71
SKU1000474,Urban Leggings,Bottoms,Leggings,Urban,Tan,M,Leather,UV-protection,Spring 2025,132.99
SKU1000475,Style Pants,Bottoms,Pants,Style,Gray,M,Polyester,Quick-dry,Spring 2024,127.82
SKU1000476,Style Jeans,Bottoms,Jeans,Style,Red,L,Cotton,Stretch|Moisture-wicking,Fall 2025,53.53
SKU1000477,Style Skirt,Bottoms,Skirt,Style,White,S,Wool,UV-protection|Breathable|Moisture-wicking,Spring 2024,92.98
SKU1000478,Nordic Shorts,Bottoms,Shorts,Nordic,Navy,M,Cotton,Breathable|Moisture-wicking,Winter 2024,133.92
SKU1000479,Alpine Leggings,Bottoms,Leggings,Alpine,Cream,XXL,Cashmere,,Fall 2025,112.52
SKU1000480,Classic Dress,Dresses,Dress,Classic,Green,XL,Linen,Moisture-wicking,Spring 2024,150.74
SKU1000481,Elite Gown,Dresses,Gown,Elite,Gray,XXL,Fleece,,Winter 2025,155.66
SKU1000482,Elite Sundress,Dresses,Sundress,Elite,Gray,XXL,Silk,,Winter 2024,139.01
SKU1000483,Elite Dress,Dresses,Dress,Elite,Charcoal,M,Silk,,Summer 2024,121.3
SKU1000484,Nordic Gown,Dresses,Gown,Nordic,Burgundy,S,Wool,Wrinkle-free|Moisture-wicking,Spring 2024,168.61
SKU1000485,Classic Sundress,Dresses,Sundress,Classic,Burgundy,L,Silk,Wrinkle-free|Moisture-wicking,Fall 2025,136.41
SKU1000486,Modern Dress,Dresses,Dress,Modern,Tan,XL,Cashmere,Stretch,Spring 2024,115.31
SKU1000487,Urban Gown,Dresses,Gown,Urban,Beige,XL,Cotton,Wrinkle-free,Fall 2024,82.44
SKU1000488,Modern Sundress,Dresses,Sundress,Modern,White,XS,Nylon,Moisture-wicking,Fall 2025,156.4
SKU1000489,Alpine Dress,Dresses,Dress,Alpine,Navy,XXL,Blend,Moisture-wicking|Breathable|Quick-dry,Fall 2025,129.67
SKU1000490,Nordic Gown,Dresses,Gown,Nordic,Brown,M,Nylon,Stretch|Quick-dry,Fall 2025,128.62
SKU1000491,Essential Sundress,Dresses,Sundress,Essential,Green,L,Polyester,,Spring 2024,68.79
SKU1000492,Premium Dress,Dresses,Dress,Premium,Navy,XS,Cashmere,Stretch,Winter 2025,63.53
SKU1000493,Alpine Gown,Dresses,Gown,Alpine,Cream,L,Nylon,Quick-dry,Spring 2024,106.44
SKU1000494,Classic Sundress,Dresses,Sundress,Classic,Navy,M,Cashmere,Moisture-wicking|Stretch,Summer 2024,179.2
SKU1000495,Premium Dress,Dresses,Dress,Premium,Blue,XL,Polyester,Breathable,Summer 2025,121.39
SKU1000496,Urban Gown,Dresses,Gown,Urban,Gray,XS,Fleece,,Winter 2025,170.63
SKU1000497,Classic Sundress,Dresses,Sundress,Classic,Olive,L,Leather,,Summer 2025,132.45
SKU1000498,Urban Dress,Dresses,Dress,Urban,Burgundy,XS,Wool,Breathable|Moisture-wicking|Wrinkle-free,Fall 2025,134.3
SKU1000499,Essential Gown,Dresses,Gown,Essential,Green,XL,Fleece,Breathable,Summer 2024,165.86
SKU1000500,Premium Sundress,Dresses,Sundress,Premium,Black,XXL,Nylon,Quick-dry,Summer 2024,158.51
SKU1000501,Nordic Dress,Dresses,Dress,Nordic,Charcoal,S,Fleece,Wrinkle-free,Winter 2025,142.43
SKU1000502,Classic Gown,Dresses,Gown,Classic,Red,S,Polyester,Quick-dry,Summer 2025,198.48
SKU1000503,Urban Sundress,Dresses,Sundress,Urban,Blue,XL,Leather,Stretch|Breathable|Wrinkle-free,Spring 2025,133.38
SKU1000504,Elite Dress,Dresses,Dress,Elite,Blue,M,Wool,,Fall 2024,101.43
SKU1000505,Essential Gown,Dresses,Gown,Essential,Beige,S,Silk,Breathable|Wrinkle-free,Summer 2024,78.9
SKU1000506,Elite Sundress,Dresses,Sundress,Elite,Charcoal,S,Silk,Quick-dry|Breathable|Moisture-wicking,Winter 2025,199.67
SKU1000507,Premium Dress,Dresses,Dress,Premium,Navy,M,Cashmere,Moisture-wicking,Winter 2024,123.88
SKU1000508,Alpine Gown,Dresses,Gown,Alpine,Green,XL,Cotton,Wrinkle-free|Moisture-wicking|Quick-dry,Summer 2024,161.6
SKU1000509,Essential Sundress,Dresses,Sundress,Essential,Blue,L,Linen,,Winter 2024,98.24
SKU1000510,Alpine Dress,Dresses,Dress,Alpine,Burgundy,M,Silk,Stretch|Moisture-wicking|Breathable,Summer 2024,168.61
SKU1000511,Urban Gown,Dresses,Gown,Urban,Black,XL,Polyester,Moisture-wicking,Spring 2024,128.5
SKU1000512,Nordic Sundress,Dresses,Sundress,Nordic,Gray,XL,Fleece,Quick-dry,Winter 2025,83.79
SKU1000513,Urban Dress,Dresses,Dress,Urban,Green,XS,Wool,Breathable|Moisture-wicking|Stretch,Winter 2024,179.21
SKU1000514,Alpine Gown,Dresses,Gown,Alpine,Red,XXL,Leather,Stretch|Moisture-wicking|Wrinkle-free,Spring 2025,181.14
SKU1000515,Style Sundress,Dresses,Sundress,Style,Brown,XL,Cotton,Wrinkle-free|Moisture-wicking,Winter 2025,73.7
SKU1000516,Modern Dress,Dresses,Dress,Modern,White,S,Blend,Quick-dry|Moisture-wicking,Winter 2025,178.2
SKU1000517,Urban Gown,Dresses,Gown,Urban,Black,L,Denim,,Summer 2025,134.03
SKU1000518,Style Sundress,Dresses,Sundress,Style,Brown,L,Silk,Breathable|Quick-dry,Summer 2025,142.36
SKU1000519,Style Dress,Dresses,Dress,Style,Blue,XS,Denim,Stretch|Wrinkle-free|Breathable,Winter 2024,151.72
SKU1000520,Style Gown,Dresses,Gown,Style,Beige,XS,Leather,Breathable|Quick-dry|Wrinkle-free,Spring 2024,103.72
SKU1000521,Nordic Sundress,Dresses,Sundress,Nordic,Red,XS,Nylon,Moisture-wicking|Wrinkle-free,Spring 2025,187.6
SKU1000522,Modern Dress,Dresses,Dress,Modern,Beige,M,Silk,Moisture-wicking|Breathable|Stretch,Winter 2025,74.69
SKU1000523,Modern Gown,Dresses,Gown,Modern,Beige,XL,Wool,Wrinkle-free,Spring 2025,180.5
SKU1000524,Alpine Sundress,Dresses,Sundress,Alpine,Olive,L,Denim,Moisture-wicking|Wrinkle-free,Summer 2024,134.5
SKU1000525,Comfort Dress,Dresses,Dress,Comfort,Navy,XXL,Silk,Breathable|Stretch|Wrinkle-free,Spring 2025,196.84
SKU1000526,Nordic Gown,Dresses,Gown,Nordic,Burgundy,XL,Leather,Moisture-wicking|Wrinkle-free|Quick-dry,Spring 2024,71.66
SKU1000527,Premium Sundress,Dresses,Sundress,Premium,Gray,XS,Denim,Quick-dry,Spring 2025,123.07
SKU1000528,Elite Dress,Dresses,Dress,Elite,Cream,XS,Nylon,,Winter 2024,191.25
SKU1000529,Classic Gown,Dresses,Gown,Classic,Green,L,Linen,Moisture-wicking|Breathable|Stretch,Winter 2024,108.74
SKU1000530,Classic Sundress,Dresses,Sundress,Classic,Navy,S,Linen,Quick-dry,Summer 2024,191.65
SKU1000531,Style Dress,Dresses,Dress,Style,Blue,XXL,Wool,Moisture-wicking|Stretch|Breathable,Spring 2025,168.59
SKU1000532,Nordic Gown,Dresses,Gown,Nordic,Tan,XS,Cashmere,Breathable|Quick-dry|Stretch,Fall 2025,141.42
SKU1000533,Nordic Sundress,Dresses,Sundress,Nordic,Tan,S,Wool,Quick-dry|Moisture-wicking,Summer 2024,174.12
SKU1000534,Style Dress,Dresses,Dress,Style,Red,L,Denim,,Summer 2025,159.85
SKU1000535,Style Gown,Dresses,Gown,Style,Burgundy,XL,Wool,Moisture-wicking|Quick-dry|Stretch,Fall 2025,119.34
SKU1000536,Nordic Sundress,Dresses,Sundress,Nordic,Charcoal,XXL,Fleece,Moisture-wicking|Quick-dry|Stretch,Fall 2024,111.91
SKU1000537,Classic Dress,Dresses,Dress,Classic,Gray,M,Linen,Moisture-wicking,Winter 2024,67.73
SKU1000538,Nordic Gown,Dresses,Gown,Nordic,Black,M,Polyester,,Summer 2025,164.95
SKU1000539,Classic Sundress,Dresses,Sundress,Classic,Navy,L,Nylon,Wrinkle-free|Breathable|Quick-dry,Summer 2024,110.06
SKU1000540,Urban Dress,Dresses,Dress,Urban,Black,XS,Denim,,Spring 2024,133.01
SKU1000541,Nordic Gown,Dresses,Gown,Nordic,Olive,XS,Blend,Stretch|Breathable,Summer 2025,118.05
SKU1000542,Elite Sundress,Dresses,Sundress,Elite,Red,L,Silk,Stretch|Moisture-wicking,Spring 2024,152.91
SKU1000543,Essential Dress,Dresses,Dress,Essential,Navy,XS,Blend,Moisture-wicking|Wrinkle-free|Stretch,Fall 2024,149.89
SKU1000544,Modern Gown,Dresses,Gown,Modern,Blue,XS,Linen,Quick-dry,Winter 2025,142.83
SKU1000545,Premium Sundress,Dresses,Sundress,Premium,Blue,XXL,Blend,Breathable,Winter 2025,164.74
SKU1000546,Alpine Dress,Dresses,Dress,Alpine,Blue,XS,Leather,,Fall 2025,66.99
SKU1000547,Comfort Gown,Dresses,Gown,Comfort,Charcoal,XL,Polyester,,Summer 2024,123.11
SKU1000548,Alpine Sundress,Dresses,Sundress,Alpine,Gray,XL,Blend,Stretch|Wrinkle-free,Fall 2025,135.13
SKU1000549,Classic Dress,Dresses,Dress,Classic,Navy,XS,Denim,,Summer 2025,166.43
SKU1000550,Style Gown,Dresses,Gown,Style,Navy,M,Denim,Wrinkle-free|Breathable,Winter 2025,97.83
SKU1000551,Modern Sundress,Dresses,Sundress,Modern,Red,L,Nylon,Stretch,Winter 2025,154.39
SKU1000552,Style Dress,Dresses,Dress,Style,Burgundy,XXL,Cashmere,,Summer 2024,178.18
SKU1000553,Urban Gown,Dresses,Gown,Urban,Olive,XS,Cotton,,Summer 2024,144.96
SKU1000554,Classic Sundress,Dresses,Sundress,Classic,White,L,Silk,Stretch|Breathable|Wrinkle-free,Fall 2025,97.08
SKU1000555,Urban Dress,Dresses,Dress,Urban,Tan,XS,Denim,Breathable|Stretch|Wrinkle-free,Summer 2024,120.61
SKU1000556,Premium Gown,Dresses,Gown,Premium,Cream,XL,Silk,Stretch|Breathable,Winter 2024,102.39
SKU1000557,Elite Sundress,Dresses,Sundress,Elite,Tan,XXL,Fleece,Stretch,Spring 2025,141.77
SKU1000558,Comfort Dress,Dresses,Dress,Comfort,Navy,XXL,Cotton,Moisture-wicking|Stretch,Fall 2024,137.57
SKU1000559,Essential Gown,Dresses,Gown,Essential,Beige,L,Nylon,Moisture-wicking,Spring 2024,106.89
SKU1000560,Modern Sundress,Dresses,Sundress,Modern,Tan,S,Linen,Breathable|Quick-dry,Fall 2024,74.66
SKU1000561,Urban Dress,Dresses,Dress,Urban,Charcoal,L,Cashmere,Quick-dry|Moisture-wicking,Summer 2024,189.3
SKU1000562,Comfort Gown,Dresses,Gown,Comfort,Cream,S,Nylon,Stretch|Moisture-wicking,Winter 2025,61.96
SKU1000563,Essential Sundress,Dresses,Sundress,Essential,Blue,M,Linen,Stretch|Breathable,Fall 2024,170.35
SKU1000564,Elite Dress,Dresses,Dress,Elite,Brown,XXL,Fleece,Quick-dry,Winter 2025,156.53
SKU1000565,Comfort Gown,Dresses,Gown,Comfort,Tan,L,Fleece,Moisture-wicking,Winter 2025,133.97
SKU1000566,Style Sundress,Dresses,Sundress,Style,Brown,XS,Polyester,Quick-dry|Moisture-wicking|Stretch,Spring 2024,166.47
SKU1000567,Elite Dress,Dresses,Dress,Elite,Olive,XL,Fleece,Quick-dry|Stretch|Moisture-wicking,Summer 2025,155.84
SKU1000568,Modern Gown,Dresses,Gown,Modern,Green,S,Denim,Quick-dry|Stretch|Breathable,Summer 2024,138.94
SKU1000569,Alpine Sundress,Dresses,Sundress,Alpine,Burgundy,L,Denim,Wrinkle-free|Quick-dry,Spring 2025,198.26
SKU1000570,Classic Dress,Dresses,Dress,Classic,Charcoal,M,Wool,,Fall 2024,187.14
SKU1000571,Classic Gown,Dresses,Gown,Classic,Beige,XS,Linen,Breathable|Moisture-wicking|Quick-dry,Winter 2024,163.86
SKU1000572,Premium Sundress,Dresses,Sundress,Premium,Cream,M,Cotton,Stretch|Moisture-wicking,Spring 2024,104.27
SKU1000573,Premium Dress,Dresses,Dress,Premium,Beige,XXL,Denim,Wrinkle-free|Moisture-wicking|Breathable,Summer 2025,130.53
SKU1000574,Comfort Gown,Dresses,Gown,Comfort,Tan,S,Leather,Breathable|Wrinkle-free|Moisture-wicking,Spring 2025,68.26
SKU1000575,Essential Sundress,Dresses,Sundress,Essential,Brown,S,Cashmere,Moisture-wicking,Winter 2025,76.8
SKU1000576,Comfort Dress,Dresses,Dress,Comfort,Green,M,Denim,Stretch|Breathable,Fall 2025,102.91
SKU1000577,Comfort Gown,Dresses,Gown,Comfort,Green,S,Polyester,Quick-dry,Summer 2025,121.06
SKU1000578,Urban Sundress,Dresses,Sundress,Urban,Brown,XL,Leather,,Winter 2025,148.35
SKU1000579,Essential Dress,Dresses,Dress,Essential,Blue,M,Blend,Quick-dry|Wrinkle-free|Moisture-wicking,Spring 2024,93.06
SKU1000580,Classic Gown,Dresses,Gown,Classic,Green,XXL,Silk,Breathable|Quick-dry,Spring 2025,83.08
SKU1000581,Elite Sundress,Dresses,Sundress,Elite,Tan,M,Fleece,Quick-dry|Moisture-wicking|Stretch,Spring 2024,134.94
SKU1000582,Urban Dress,Dresses,Dress,Urban,Beige,M,Denim,Wrinkle-free,Summer 2025,151.61
SKU1000583,Modern Gown,Dresses,Gown,Modern,Green,S,Fleece,Breathable|Stretch|Moisture-wicking,Winter 2025,116.84
SKU1000584,Modern Sundress,Dresses,Sundress,Modern,Gray,XL,Linen,Stretch|Breathable,Fall 2024,145.8
SKU1000585,Classic Dress,Dresses,Dress,Classic,Charcoal,L,Nylon,Stretch|Quick-dry,Fall 2025,173.9
SKU1000586,Style Gown,Dresses,Gown,Style,Brown,L,Silk,Moisture-wicking,Fall 2024,179.47
SKU1000587,Modern Sundress,Dresses,Sundress,Modern,Olive,S,Silk,Breathable|Wrinkle-free|Moisture-wicking,Fall 2024,136.12
SKU1000588,Classic Dress,Dresses,Dress,Classic,Red,XXL,Linen,Breathable|Moisture-wicking|Stretch,Winter 2025,108.71
SKU1000589,Classic Gown,Dresses,Gown,Classic,White,S,Leather,Stretch|Wrinkle-free|Moisture-wicking,Spring 2024,131.09
SKU1000590,Nordic Sundress,Dresses,Sundress,Nordic,Brown,XL,Silk,Stretch|Quick-dry,Spring 2024,93.88
SKU1000591,Comfort Dress,Dresses,Dress,Comfort,White,XXL,Fleece,Breathable,Fall 2025,174.67
SKU1000592,Premium Gown,Dresses,Gown,Premium,Red,S,Nylon,Wrinkle-free|Stretch,Fall 2025,137.65
SKU1000593,Nordic Sundress,Dresses,Sundress,Nordic,Burgundy,S,Cotton,Breathable,Fall 2025,194.16
SKU1000594,Classic Dress,Dresses,Dress,Classic,Gray,XS,Polyester,Stretch,Summer 2025,130.23
SKU1000595,Essential Gown,Dresses,Gown,Essential,Burgundy,XS,Blend,Moisture-wicking|Breathable|Stretch,Fall 2025,106.54
SKU1000596,Essential Sundress,Dresses,Sundress,Essential,White,S,Linen,,Summer 2025,137.81
SKU1000597,Nordic Dress,Dresses,Dress,Nordic,Black,XS,Leather,Moisture-wicking|Quick-dry|Breathable,Fall 2025,148.57
SKU1000598,Classic Gown,Dresses,Gown,Classic,Olive,S,Fleece,,Winter 2024,140.2
SKU1000599,Classic Sundress,Dresses,Sundress,Classic,Brown,L,Denim,,Spring 2024,196.22
SKU1000600,Classic Dress,Dresses,Dress,Classic,Charcoal,L,Blend,Stretch,Winter 2025,139.82
SKU1000601,Comfort Gown,Dresses,Gown,Comfort,Navy,XL,Cashmere,Quick-dry|Breathable,Spring 2024,169.67
SKU1000602,Urban Sundress,Dresses,Sundress,Urban,Blue,XS,Polyester,Breathable,Spring 2024,150.45
SKU1000603,Classic Dress,Dresses,Dress,Classic,Charcoal,L,Blend,Stretch,Winter 2024,147.86
SKU1000604,Essential Gown,Dresses,Gown,Essential,Beige,M,Wool,,Summer 2024,142.26
SKU1000605,Comfort Sundress,Dresses,Sundress,Comfort,Burgundy,XXL,Nylon,Wrinkle-free,Spring 2025,177.73
SKU1000606,Essential Dress,Dresses,Dress,Essential,Cream,M,Silk,,Winter 2024,87.2
SKU1000607,Essential Gown,Dresses,Gown,Essential,Tan,XS,Cashmere,Breathable|Stretch|Moisture-wicking,Fall 2024,120.91
SKU1000608,Comfort Sundress,Dresses,Sundress,Comfort,White,L,Cashmere,Quick-dry|Wrinkle-free,Spring 2025,73.59
SKU1000609,Essential Dress,Dresses,Dress,Essential,Tan,L,Leather,Stretch|Breathable|Moisture-wicking,Fall 2025,112.55
SKU1000610,Essential Gown,Dresses,Gown,Essential,Burgundy,XS,Cashmere,Wrinkle-free|Quick-dry|Breathable,Summer 2024,77.91
SKU1000611,Modern Sundress,Dresses,Sundress,Modern,Tan,XXL,Blend,Wrinkle-free|Stretch|Breathable,Winter 2024,83.84
SKU1000612,Nordic Dress,Dresses,Dress,Nordic,Black,XS,Blend,,Spring 2025,89.79
SKU1000613,Nordic Gown,Dresses,Gown,Nordic,White,XL,Denim,,Winter 2024,176.54
SKU1000614,Modern Sundress,Dresses,Sundress,Modern,Red,L,Silk,,Winter 2024,77.55
SKU1000615,Classic Dress,Dresses,Dress,Classic,Navy,XXL,Silk,Quick-dry|Wrinkle-free,Spring 2025,65.25
SKU1000616,Elite Gown,Dresses,Gown,Elite,Red,XXL,Blend,,Summer 2025,81.98
SKU1000617,Essential Sundress,Dresses,Sundress,Essential,Gray,XL,Silk,Breathable|Wrinkle-free,Summer 2025,147.86
SKU1000618,Modern Dress,Dresses,Dress,Modern,Charcoal,XS,Linen,Stretch|Breathable|Moisture-wicking,Fall 2024,163.18
SKU1000619,Elite Gown,Dresses,Gown,Elite,Tan,L,Wool,,Fall 2025,166.86
SKU1000620,Premium Sundress,Dresses,Sundress,Premium,White,XXL,Nylon,Quick-dry|Breathable|Wrinkle-free,Spring 2024,173.12
SKU1000621,Premium Dress,Dresses,Dress,Premium,Burgundy,XL,Leather,Quick-dry|Breathable,Winter 2024,91.67
SKU1000622,Comfort Gown,Dresses,Gown,Comfort,Cream,L,Cashmere,Quick-dry,Spring 2025,115.38
SKU1000623,Comfort Sundress,Dresses,Sundress,Comfort,Olive,XXL,Cashmere,Wrinkle-free|Moisture-wicking|Quick-dry,Fall 2024,83.78
SKU1000624,Modern Dress,Dresses,Dress,Modern,White,XXL,Silk,Quick-dry|Stretch|Breathable,Spring 2025,173.61
SKU1000625,Alpine Gown,Dresses,Gown,Alpine,Gray,XL,Blend,,Spring 2024,164.66
SKU1000626,Comfort Sundress,Dresses,Sundress,Comfort,Gray,XL,Polyester,Moisture-wicking|Stretch|Breathable,Spring 2024,155.58
SKU1000627,Elite Dress,Dresses,Dress,Elite,Blue,XS,Linen,Breathable,Winter 2024,165.71
SKU1000628,Urban Gown,Dresses,Gown,Urban,Olive,M,Linen,Quick-dry,Summer 2024,65.05
SKU1000629,Classic Sundress,Dresses,Sundress,Classic,Black,XL,Leather,,Spring 2025,70.25
SKU1000630,Nordic Dress,Dresses,Dress,Nordic,Beige,XS,Silk,Wrinkle-free|Breathable,Spring 2025,137.58
SKU1000631,Premium Gown,Dresses,Gown,Premium,Brown,S,Wool,Breathable,Spring 2024,143.02
SKU1000632,Alpine Sundress,Dresses,Sundress,Alpine,Green,S,Silk,Moisture-wicking,Fall 2025,90.01
SKU1000633,Essential Dress,Dresses,Dress,Essential,Blue,XL,Leather,Breathable|Stretch|Moisture-wicking,Spring 2025,186.66
SKU1000634,Elite Gown,Dresses,Gown,Elite,Black,XS,Blend,Wrinkle-free|Moisture-wicking,Spring 2024,107.36
SKU1000635,Style Sundress,Dresses,Sundress,Style,Cream,XS,Cotton,Stretch|Moisture-wicking,Spring 2025,158.18
SKU1000636,Nordic Dress,Dresses,Dress,Nordic,Olive,L,Leather,Stretch|Wrinkle-free|Moisture-wicking,Spring 2025,126.18
SKU1000637,Nordic Gown,Dresses,Gown,Nordic,Cream,S,Blend,Quick-dry|Moisture-wicking,Spring 2025,65.27
SKU1000638,Classic Sundress,Dresses,Sundress,Classic,Red,XS,Fleece,Breathable,Summer 2024,136.18
SKU1000639,Alpine Dress,Dresses,Dress,Alpine,Brown,S,Nylon,Wrinkle-free,Fall 2025,103.63
SKU1000640,Comfort Boots,Footwear,Boots,Comfort,Black,XL,Blend,Stretch|Moisture-wicking,Spring 2024,214.06
SKU1000641,Elite Sneakers,Footwear,Sneakers,Elite,Cream,XXL,Cashmere,Waterproof|Quick-dry|Stretch,Spring 2025,294.51
SKU1000642,Premium Sandals,Footwear,Sandals,Premium,Charcoal,XS,Nylon,,Spring 2025,258.39
SKU1000643,Alpine Loafers,Footwear,Loafers,Alpine,Cream,S,Cashmere,Stretch|Moisture-wicking|Waterproof,Fall 2025,124.72
SKU1000644,Modern Heels,Footwear,Heels,Modern,Tan,M,Polyester,Waterproof|Insulated|Breathable,Fall 2025,82.79
SKU1000645,Nordic Boots,Footwear,Boots,Nordic,Cream,L,Denim,,Summer 2024,254.09
SKU1000646,Alpine Sneakers,Footwear,Sneakers,Alpine,Tan,M,Silk,Quick-dry|Moisture-wicking|Breathable,Fall 2025,152.77
SKU1000647,Classic Sandals,Footwear,Sandals,Classic,Navy,S,Polyester,Breathable|Waterproof,Fall 2025,288.81
SKU1000648,Nordic Loafers,Footwear,Loafers,Nordic,Navy,XXL,Polyester,Breathable,Spring 2024,199.54
SKU1000649,Comfort Heels,Footwear,Heels,Comfort,Navy,S,Nylon,Breathable,Winter 2024,210.41
SKU1000650,Classic Boots,Footwear,Boots,Classic,Tan,XS,Wool,,Winter 2024,106.6
SKU1000651,Classic Sneakers,Footwear,Sneakers,Classic,Beige,S,Linen,Quick-dry|Waterproof|Stretch,Summer 2024,156.56
SKU1000652,Elite Sandals,Footwear,Sandals,Elite,Red,M,Linen,Stretch,Winter 2025,175.24
SKU1000653,Classic Loafers,Footwear,Loafers,Classic,Green,L,Wool,Insulated|Moisture-wicking|Waterproof,Winter 2024,124.59
SKU1000654,Essential Heels,Footwear,Heels,Essential,White,M,Nylon,Insulated,Spring 2024,177.9
SKU1000655,Urban Boots,Footwear,Boots,Urban,Tan,XS,Cotton,Waterproof|Breathable|Quick-dry,Summer 2024,146.78
SKU1000656,Premium Sneakers,Footwear,Sneakers,Premium,Burgundy,XXL,Linen,Breathable,Fall 2024,225.9
SKU1000657,Comfort Sandals,Footwear,Sandals,Comfort,Brown,L,Fleece,Stretch|Quick-dry,Spring 2025,241.03
SKU1000658,Nordic Loafers,Footwear,Loafers,Nordic,Brown,M,Fleece,Insulated,Summer 2024,195.5
SKU1000659,Elite Heels,Footwear,Heels,Elite,Olive,XL,Leather,Waterproof,Summer 2025,138.47
SKU1000660,Nordic Boots,Footwear,Boots,Nordic,Green,L,Denim,Breathable|Stretch,Summer 2025,276.86
SKU1000661,Essential Sneakers,Footwear,Sneakers,Essential,Burgundy,L,Polyester,,Winter 2025,260
SKU1000662,Style Sandals,Footwear,Sandals,Style,Gray,M,Leather,,Fall 2024,191.09
SKU1000663,Essential Loafers,Footwear,Loafers,Essential,Charcoal,XS,Denim,Breathable|Stretch|Moisture-wicking,Winter 2024,158.02
SKU1000664,Elite Heels,Footwear,Heels,Elite,Gray,XXL,Fleece,Quick-dry|Waterproof|Breathable,Fall 2024,238.1
SKU1000665,Style Boots,Footwear,Boots,Style,Navy,L,Wool,Insulated,Summer 2025,138.01
SKU1000666,Nordic Sneakers,Footwear,Sneakers,Nordic,Black,XXL,Blend,Insulated|Breathable,Winter 2024,237.06
SKU1000667,Premium Sandals,Footwear,Sandals,Premium,White,L,Blend,Stretch|Waterproof|Moisture-wicking,Summer 2025,154.8
SKU1000668,Modern Loafers,Footwear,Loafers,Modern,Cream,M,Blend,,Fall 2025,162.95
SKU1000669,Modern Heels,Footwear,Heels,Modern,Black,S,Cashmere,Moisture-wicking|Breathable|Insulated,Winter 2025,253.9
SKU1000670,Comfort Boots,Footwear,Boots,Comfort,Red,S,Denim,Quick-dry|Stretch,Spring 2025,291.99
SKU1000671,Comfort Sneakers,Footwear,Sneakers,Comfort,Gray,XS,Nylon,Insulated,Spring 2025,123.11
SKU1000672,Premium Sandals,Footwear,Sandals,Premium,Beige,S,Cotton,,Spring 2025,281.88
SKU1000673,Premium Loafers,Footwear,Loafers,Premium,Green,XS,Silk,Moisture-wicking|Insulated|Stretch,Spring 2025,95.25
SKU1000674,Essential Heels,Footwear,Heels,Essential,Gray,M,Cashmere,Quick-dry|Moisture-wicking,Summer 2025,103.77
SKU1000675,Comfort Boots,Footwear,Boots,Comfort,Tan,L,Fleece,,Spring 2024,152.62
SKU1000676,Comfort Sneakers,Footwear,Sneakers,Comfort,Black,XL,Wool,,Fall 2024,129.84
SKU1000677,Premium Sandals,Footwear,Sandals,Premium,White,XL,Blend,Moisture-wicking,Winter 2025,278.59
SKU1000678,Comfort Loafers,Footwear,Loafers,Comfort,Tan,M,Leather,,Summer 2025,233.04
SKU1000679,Urban Heels,Footwear,Heels,Urban,Burgundy,XS,Leather,Insulated,Spring 2025,90.26
SKU1000680,Classic Boots,Footwear,Boots,Classic,Charcoal,XL,Cashmere,Moisture-wicking|Waterproof|Quick-dry,Winter 2024,115.26
SKU1000681,Style Sneakers,Footwear,Sneakers,Style,Burgundy,XS,Polyester,Waterproof,Winter 2025,247.68
SKU1000682,Elite Sandals,Footwear,Sandals,Elite,Burgundy,S,Silk,Quick-dry,Spring 2024,143.99
SKU1000683,Premium Loafers,Footwear,Loafers,Premium,Blue,S,Cotton,Stretch,Winter 2025,71.2
SKU1000684,Style Heels,Footwear,Heels,Style,White,S,Silk,Quick-dry|Waterproof,Winter 2024,124.47
SKU1000685,Style Boots,Footwear,Boots,Style,Charcoal,XXL,Linen,Insulated|Moisture-wicking,Spring 2024,242.02
SKU1000686,Nordic Sneakers,Footwear,Sneakers,Nordic,Black,XL,Nylon,Quick-dry|Waterproof|Stretch,Summer 2025,164.09
SKU1000687,Alpine Sandals,Footwear,Sandals,Alpine,Green,XL,Polyester,Stretch,Winter 2025,228.38
SKU1000688,Nordic Loafers,Footwear,Loafers,Nordic,Blue,XL,Wool,Stretch,Summer 2024,152.47
SKU1000689,Classic Heels,Footwear,Heels,Classic,Blue,M,Nylon,Moisture-wicking|Stretch,Winter 2025,272.3
SKU1000690,Premium Boots,Footwear,Boots,Premium,Beige,XL,Leather,Breathable|Quick-dry|Stretch,Spring 2025,266.59
SKU1000691,Style Sneakers,Footwear,Sneakers,Style,Red,S,Blend,Moisture-wicking|Stretch,Fall 2024,79.81
SKU1000692,Premium Sandals,Footwear,Sandals,Premium,Blue,XXL,Polyester,Insulated|Quick-dry|Waterproof,Fall 2025,165.59
SKU1000693,Comfort Loafers,Footwear,Loafers,Comfort,Brown,L,Cashmere,Insulated,Spring 2025,244.29
SKU1000694,Essential Heels,Footwear,Heels,Essential,Black,XS,Fleece,Stretch|Waterproof|Breathable,Fall 2025,100.97
SKU1000695,Elite Boots,Footwear,Boots,Elite,Olive,XXL,Fleece,Moisture-wicking|Insulated|Quick-dry,Fall 2025,174.69
SKU1000696,Classic Sneakers,Footwear,Sneakers,Classic,White,XL,Wool,Stretch|Insulated|Quick-dry,Spring 2024,97.85
SKU1000697,Elite Sandals,Footwear,Sandals,Elite,Navy,L,Cashmere,Stretch|Waterproof,Summer 2025,136.63
SKU1000698,Classic Loafers,Footwear,Loafers,Classic,Green,XL,Fleece,Insulated,Summer 2024,141.65
SKU1000699,Alpine Heels,Footwear,Heels,Alpine,Cream,S,Cotton,Breathable|Insulated|Waterproof,Fall 2025,186.8
SKU1000700,Modern Boots,Footwear,Boots,Modern,Brown,XL,Leather,Stretch,Spring 2025,252.2
SKU1000701,Style Sneakers,Footwear,Sneakers,Style,Cream,L,Cotton,Waterproof,Summer 2025,164.29
SKU1000702,Modern Sandals,Footwear,Sandals,Modern,Charcoal,M,Wool,,Fall 2025,271.14
SKU1000703,Comfort Loafers,Footwear,Loafers,Comfort,Gray,XXL,Denim,Moisture-wicking|Insulated,Fall 2024,193.59
SKU1000704,Elite Heels,Footwear,Heels,Elite,Charcoal,L,Polyester,Stretch,Spring 2025,127.15
SKU1000705,Premium Boots,Footwear,Boots,Premium,Blue,L,Wool,Stretch|Moisture-wicking|Waterproof,Summer 2024,276.45
SKU1000706,Urban Sneakers,Footwear,Sneakers,Urban,Brown,L,Leather,Breathable,Spring 2025,80.68
SKU1000707,Style Sandals,Footwear,Sandals,Style,Green,L,Linen,Insulated|Moisture-wicking,Fall 2024,299.19
SKU1000708,Essential Loafers,Footwear,Loafers,Essential,Red,XL,Cotton,Waterproof,Summer 2025,243.82
SKU1000709,Essential Heels,Footwear,Heels,Essential,Red,M,Blend,Quick-dry,Spring 2025,100.43
SKU1000710,Essential Boots,Footwear,Boots,Essential,Black,XL,Cotton,Stretch|Insulated,Spring 2025,150.96
SKU1000711,Nordic Sneakers,Footwear,Sneakers,Nordic,Red,XXL,Cotton,Insulated|Waterproof|Breathable,Winter 2025,126.49
SKU1000712,Nordic Sandals,Footwear,Sandals,Nordic,Black,M,Silk,Stretch|Moisture-wicking|Waterproof,Winter 2025,86.32
SKU1000713,Comfort Loafers,Footwear,Loafers,Comfort,Cream,S,Fleece,Breathable|Moisture-wicking|Waterproof,Spring 2024,113.99
SKU1000714,Alpine Heels,Footwear,Heels,Alpine,Cream,M,Linen,Quick-dry,Fall 2024,274.59
SKU1000715,Essential Boots,Footwear,Boots,Essential,Red,M,Fleece,,Winter 2025,235.88
SKU1000716,Alpine Sneakers,Footwear,Sneakers,Alpine,Blue,S,Nylon,Stretch,Winter 2025,231.58
SKU1000717,Comfort Sandals,Footwear,Sandals,Comfort,Blue,S,Nylon,Stretch|Quick-dry|Waterproof,Fall 2024,293.76
SKU1000718,Modern Loafers,Footwear,Loafers,Modern,Cream,S,Linen,,Summer 2025,123.48
SKU1000719,Urban Heels,Footwear,Heels,Urban,Burgundy,L,Denim,,Spring 2025,127.79
SKU1000720,Modern Boots,Footwear,Boots,Modern,Tan,XXL,Wool,,Winter 2024,244.26
SKU1000721,Elite Sneakers,Footwear,Sneakers,Elite,White,S,Linen,,Spring 2024,157.78
SKU1000722,Premium Sandals,Footwear,Sandals,Premium,Red,XL,Blend,Waterproof,Fall 2024,242.9
SKU1000723,Comfort Loafers,Footwear,Loafers,Comfort,Olive,L,Polyester,Insulated|Waterproof,Winter 2024,272.41
SKU1000724,Classic Heels,Footwear,Heels,Classic,Olive,XL,Denim,,Summer 2025,261.07
SKU1000725,Comfort Boots,Footwear,Boots,Comfort,Red,XS,Silk,,Summer 2024,213.73
SKU1000726,Urban Sneakers,Footwear,Sneakers,Urban,Gray,XS,Silk,Insulated,Summer 2025,128.63
SKU1000727,Nordic Sandals,Footwear,Sandals,Nordic,White,M,Polyester,,Summer 2025,168.15
SKU1000728,Premium Loafers,Footwear,Loafers,Premium,Brown,XL,Wool,Stretch|Quick-dry|Insulated,Fall 2025,228.93
SKU1000729,Modern Heels,Footwear,Heels,Modern,Red,XL,Leather,Insulated|Moisture-wicking,Spring 2025,235.97
SKU1000730,Alpine Boots,Footwear,Boots,Alpine,Gray,XL,Fleece,,Summer 2024,284.92
SKU1000731,Urban Sneakers,Footwear,Sneakers,Urban,Beige,XS,Linen,,Fall 2025,117.31
SKU1000732,Classic Sandals,Footwear,Sandals,Classic,Beige,XL,Cashmere,Breathable|Insulated,Spring 2025,91.72
SKU1000733,Alpine Loafers,Footwear,Loafers,Alpine,Tan,S,Nylon,Waterproof,Spring 2024,206.57
SKU1000734,Premium Heels,Footwear,Heels,Premium,Beige,S,Silk,Breathable,Spring 2024,188.59
SKU1000735,Style Boots,Footwear,Boots,Style,Red,S,Silk,Waterproof,Fall 2024,184.7
SKU1000736,Premium Sneakers,Footwear,Sneakers,Premium,Navy,S,Fleece,,Summer 2025,125.67
SKU1000737,Nordic Sandals,Footwear,Sandals,Nordic,Brown,M,Nylon,Insulated|Stretch,Winter 2024,91.56
SKU1000738,Style Loafers,Footwear,Loafers,Style,Olive,M,Wool,,Fall 2025,183.97
SKU1000739,Modern Heels,Footwear,Heels,Modern,Brown,L,Linen,Waterproof|Quick-dry|Stretch,Summer 2024,228.93
SKU1000740,Premium Boots,Footwear,Boots,Premium,Beige,XXL,Denim,,Spring 2024,193.91
SKU1000741,Premium Sneakers,Footwear,Sneakers,Premium,Navy,XXL,Blend,Insulated|Quick-dry,Summer 2025,277.48
SKU1000742,Urban Sandals,Footwear,Sandals,Urban,Gray,L,Polyester,Insulated|Stretch,Winter 2024,284.93
SKU1000743,Essential Loafers,Footwear,Loafers,Essential,Black,S,Wool,,Winter 2024,202.52
SKU1000744,Comfort Heels,Footwear,Heels,Comfort,Olive,XL,Blend,Stretch,Fall 2025,297.12
SKU1000745,Classic Boots,Footwear,Boots,Classic,Gray,M,Blend,Breathable|Quick-dry,Winter 2024,181.17
SKU1000746,Elite Sneakers,Footwear,Sneakers,Elite,Brown,XXL,Linen,Stretch|Quick-dry,Spring 2024,92.89
SKU1000747,Modern Sandals,Footwear,Sandals,Modern,Blue,XL,Blend,Stretch|Insulated,Winter 2024,235.51
SKU1000748,Style Loafers,Footwear,Loafers,Style,Beige,S,Denim,Quick-dry|Waterproof|Insulated,Spring 2025,106.48
SKU1000749,Style Heels,Footwear,Heels,Style,Red,M,Cashmere,Stretch,Winter 2025,267.23
SKU1000750,Style Boots,Footwear,Boots,Style,Olive,XL,Leather,,Fall 2025,219.11
SKU1000751,Style Sneakers,Footwear,Sneakers,Style,Olive,XS,Cotton,Insulated|Stretch,Fall 2025,262.3
SKU1000752,Alpine Sandals,Footwear,Sandals,Alpine,Navy,L,Denim,Insulated|Quick-dry|Stretch,Winter 2025,165.22
SKU1000753,Essential Loafers,Footwear,Loafers,Essential,Navy,M,Fleece,,Summer 2025,74.94
SKU1000754,Nordic Heels,Footwear,Heels,Nordic,Black,XL,Leather,Waterproof|Stretch|Insulated,Spring 2024,178.38
SKU1000755,Comfort Boots,Footwear,Boots,Comfort,Beige,XXL,Denim,,Winter 2024,192.1
SKU1000756,Essential Sneakers,Footwear,Sneakers,Essential,Beige,XL,Blend,Stretch,Winter 2024,206.14
SKU1000757,Alpine Sandals,Footwear,Sandals,Alpine,Beige,M,Cotton,Waterproof,Winter 2025,147.24
SKU1000758,Style Loafers,Footwear,Loafers,Style,Charcoal,XXL,Polyester,Waterproof,Summer 2025,278.38
SKU1000759,Style Heels,Footwear,Heels,Style,Gray,XXL,Linen,,Summer 2025,241.32
SKU1000760,Nordic Boots,Footwear,Boots,Nordic,Navy,S,Polyester,,Winter 2025,153.09
SKU1000761,Premium Sneakers,Footwear,Sneakers,Premium,Tan,M,Linen,,Winter 2024,118.4
SKU1000762,Comfort Sandals,Footwear,Sandals,Comfort,White,L,Leather,,Summer 2024,255.2
SKU1000763,Premium Loafers,Footwear,Loafers,Premium,Beige,XXL,Linen,Quick-dry|Moisture-wicking|Insulated,Fall 2024,112.61
SKU1000764,Modern Heels,Footwear,Heels,Modern,Beige,XS,Denim,,Spring 2024,192.94
SKU1000765,Modern Boots,Footwear,Boots,Modern,Green,XXL,Cotton,Waterproof|Breathable|Moisture-wicking,Winter 2024,223.85
SKU1000766,Nordic Sneakers,Footwear,Sneakers,Nordic,Green,M,Cashmere,Waterproof|Insulated,Winter 2025,157.15
SKU1000767,Modern Sandals,Footwear,Sandals,Modern,Black,M,Wool,Quick-dry,Fall 2024,191.95
SKU1000768,Nordic Loafers,Footwear,Loafers,Nordic,Cream,S,Cotton,Quick-dry|Insulated|Moisture-wicking,Summer 2024,126.37
SKU1000769,Urban Heels,Footwear,Heels,Urban,White,XS,Polyester,Quick-dry|Moisture-wicking|Insulated,Summer 2025,282.92
SKU1000770,Comfort Boots,Footwear,Boots,Comfort,Red,XS,Wool,Stretch,Spring 2024,161.79
SKU1000771,Essential Sneakers,Footwear,Sneakers,Essential,Gray,XS,Polyester,Stretch|Moisture-wicking|Quick-dry,Winter 2024,180.92
SKU1000772,Essential Sandals,Footwear,Sandals,Essential,Black,XL,Denim,Insulated|Stretch,Spring 2025,83.92
SKU1000773,Urban Loafers,Footwear,Loafers,Urban,Olive,S,Silk,Stretch|Quick-dry,Summer 2024,130.33
SKU1000774,Premium Heels,Footwear,Heels,Premium,Tan,L,Fleece,Insulated|Waterproof,Spring 2025,105.15
SKU1000775,Alpine Boots,Footwear,Boots,Alpine,Cream,M,Linen,Moisture-wicking|Stretch|Quick-dry,Spring 2025,210.94
SKU1000776,Comfort Sneakers,Footwear,Sneakers,Comfort,Burgundy,S,Blend,Breathable|Insulated|Stretch,Fall 2025,207.18
SKU1000777,Nordic Sandals,Footwear,Sandals,Nordic,Olive,M,Denim,Moisture-wicking|Quick-dry,Summer 2024,294.12
SKU1000778,Classic Loafers,Footwear,Loafers,Classic,Olive,S,Wool,Moisture-wicking|Insulated|Breathable,Winter 2025,135.07
SKU1000779,Modern Heels,Footwear,Heels,Modern,Black,XL,Cotton,Stretch|Quick-dry,Winter 2024,111.03
SKU1000780,Elite Boots,Footwear,Boots,Elite,Red,XS,Polyester,Quick-dry|Insulated,Winter 2024,101.98
SKU1000781,Comfort Sneakers,Footwear,Sneakers,Comfort,Blue,S,Silk,Stretch,Winter 2024,216.48
SKU1000782,Premium Sandals,Footwear,Sandals,Premium,Charcoal,XXL,Silk,Breathable|Waterproof|Quick-dry,Winter 2024,113.84
SKU1000783,Comfort Loafers,Footwear,Loafers,Comfort,Cream,M,Denim,,Summer 2025,202.8
SKU1000784,Alpine Heels,Footwear,Heels,Alpine,Burgundy,XS,Blend,Waterproof|Stretch|Moisture-wicking,Summer 2025,95
SKU1000785,Style Boots,Footwear,Boots,Style,Blue,M,Wool,Insulated|Waterproof|Quick-dry,Fall 2025,73.56
SKU1000786,Elite Sneakers,Footwear,Sneakers,Elite,Charcoal,L,Silk,Breathable,Spring 2025,174.28
SKU1000787,Nordic Sandals,Footwear,Sandals,Nordic,Black,L,Leather,,Summer 2025,118.21
SKU1000788,Modern Loafers,Footwear,Loafers,Modern,Olive,S,Blend,Quick-dry|Breathable|Moisture-wicking,Summer 2024,286.48
SKU1000789,Style Heels,Footwear,Heels,Style,Beige,XXL,Linen,Stretch|Insulated|Waterproof,Spring 2024,180.65
SKU1000790,Alpine Boots,Footwear,Boots,Alpine,Green,XXL,Denim,Waterproof|Breathable|Stretch,Spring 2024,88.9
SKU1000791,Style Sneakers,Footwear,Sneakers,Style,Blue,XL,Nylon,Waterproof|Insulated|Stretch,Fall 2025,241.38
SKU1000792,Elite Sandals,Footwear,Sandals,Elite,Green,XS,Cotton,Quick-dry|Waterproof|Breathable,Winter 2025,145.29
SKU1000793,Urban Loafers,Footwear,Loafers,Urban,Red,XS,Leather,,Winter 2024,234.5
SKU1000794,Modern Heels,Footwear,Heels,Modern,Beige,L,Leather,Moisture-wicking|Quick-dry|Waterproof,Winter 2025,159.37
SKU1000795,Style Boots,Footwear,Boots,Style,Black,XXL,Fleece,,Spring 2024,186.62
SKU1000796,Elite Sneakers,Footwear,Sneakers,Elite,Olive,XL,Blend,,Winter 2024,125.52
SKU1000797,Essential Sandals,Footwear,Sandals,Essential,Green,L,Blend,Quick-dry|Breathable,Summer 2025,169.93
SKU1000798,Elite Loafers,Footwear,Loafers,Elite,Olive,XXL,Wool,Insulated|Breathable,Summer 2024,205.92
SKU1000799,Nordic Heels,Footwear,Heels,Nordic,Beige,S,Leather,Stretch|Moisture-wicking,Winter 2025,253.14
